MJD,Wavelength,Flux
1.00945,1850,7.16778e-14
1.00945,1860,7.39251e-14
1.00945,1870,7.10322e-14
1.00945,1880,7.50876e-14
1.00945,1890,7.65121e-14
1.00945,1900,7.44729e-14
1.00945,1910,7.3224e-14
1.00945,1920,7.56983e-14
1.00945,1930,7.61694e-14
1.00945,1940,7.62221e-14
1.00945,1950,7.60648e-14
1.00945,1960,7.5067e-14
1.00945,1970,7.2612e-14
1.00945,1980,6.86561e-14
1.00945,1990,6.56632e-14
1.00945,2000,6.68367e-14
1.00945,2010,6.59904e-14
1.00945,2020,6.77968e-14
1.00945,2030,6.88525e-14
1.00945,2040,6.91394e-14
1.00945,2050,6.92959e-14
1.00945,2060,6.85985e-14
1.00945,2070,6.77667e-14
1.00945,2080,6.68764e-14
1.00945,2090,6.58676e-14
1.00945,2100,6.47024e-14
1.00945,2110,6.33556e-14
1.00945,2120,6.20354e-14
1.00945,2130,6.10879e-14
1.00945,2140,6.01598e-14
1.00945,2150,5.92483e-14
1.00945,2160,5.85083e-14
1.00945,2170,5.77443e-14
1.00945,2180,5.49977e-14
1.00945,2190,4.62997e-14
1.00945,2200,4.5095e-14
1.00945,2210,4.98149e-14
1.00945,2220,5.19707e-14
1.00945,2230,5.28949e-14
1.00945,2240,5.297e-14
1.00945,2250,5.30449e-14
1.00945,2260,5.31549e-14
1.00945,2270,5.32855e-14
1.00945,2280,5.32744e-14
1.00945,2290,5.31104e-14
1.00945,2300,5.25731e-14
1.00945,2310,5.14659e-14
1.00945,2320,5.00785e-14
1.00945,2330,4.85925e-14
1.00945,2340,4.72841e-14
1.00945,2350,4.63929e-14
1.00945,2360,4.59501e-14
1.00945,2370,4.57719e-14
1.00945,2380,4.57002e-14
1.00945,2390,4.55205e-14
1.00945,2400,4.52507e-14
1.00945,2410,4.51082e-14
1.00945,2420,4.48422e-14
1.00945,2430,4.42676e-14
1.00945,2440,4.35008e-14
1.00945,2450,4.27037e-14
1.00945,2460,4.19805e-14
1.00945,2470,4.12639e-14
1.00945,2480,4.05869e-14
1.00945,2490,3.99689e-14
1.00945,2500,3.93821e-14
1.00945,2510,3.88686e-14
1.00945,2520,3.8469e-14
1.00945,2530,3.8125e-14
1.00945,2540,3.78227e-14
1.00945,2550,3.75876e-14
1.00945,2560,3.7545e-14
1.00945,2570,3.74949e-14
1.00945,2580,3.73228e-14
1.00945,2590,3.71415e-14
1.00945,2600,3.70647e-14
1.00945,2610,3.72163e-14
1.00945,2620,3.73662e-14
1.00945,2630,3.73729e-14
1.00945,2640,3.7033e-14
1.00945,2650,3.64606e-14
1.00945,2660,3.58178e-14
1.00945,2670,3.51108e-14
1.00945,2680,3.43791e-14
1.00945,2690,3.36502e-14
1.00945,2700,3.29465e-14
1.00945,2710,3.22823e-14
1.00945,2720,3.17165e-14
1.00945,2730,3.11831e-14
1.00945,2740,3.06832e-14
1.00945,2750,3.0224e-14
1.00945,2760,2.98018e-14
1.00945,2770,2.94206e-14
1.00945,2780,2.90855e-14
1.00945,2790,2.87921e-14
1.00945,2800,2.85018e-14
1.00945,2810,2.81868e-14
1.00945,2820,2.78776e-14
1.00945,2830,2.76416e-14
1.00945,2840,2.73773e-14
1.00945,2850,2.71905e-14
1.00945,2860,2.70824e-14
1.00945,2870,2.69818e-14
1.00945,2880,2.68439e-14
1.00945,2890,2.66863e-14
1.00945,2900,2.65719e-14
1.00945,2910,2.64909e-14
1.00945,2920,2.6419e-14
1.00945,2930,2.63137e-14
1.00945,2940,2.61322e-14
1.00945,2950,2.58807e-14
1.00945,2960,2.55716e-14
1.00945,2970,2.52449e-14
1.00945,2980,2.49248e-14
1.00945,2990,2.46474e-14
1.00945,3000,2.44326e-14
1.00945,3010,2.4353e-14
1.00945,3020,2.43038e-14
1.00945,3030,2.45864e-14
1.00945,3040,2.47407e-14
1.00945,3050,2.47133e-14
1.00945,3060,2.47747e-14
1.00945,3070,2.4788e-14
1.00945,3080,2.47661e-14
1.00945,3090,2.45839e-14
1.00945,3100,2.42919e-14
1.00945,3110,2.3921e-14
1.00945,3120,2.3426e-14
1.00945,3130,2.2953e-14
1.00945,3140,2.25294e-14
1.00945,3150,2.21033e-14
1.00945,3160,2.17096e-14
1.00945,3170,2.13718e-14
1.00945,3180,2.10572e-14
1.00945,3190,2.0782e-14
1.00945,3200,2.0539e-14
1.00945,3210,2.0308e-14
1.00945,3220,2.00448e-14
1.00945,3230,1.97849e-14
1.00945,3240,1.95277e-14
1.00945,3250,1.92826e-14
1.00945,3260,1.90497e-14
1.00945,3270,1.8832e-14
1.00945,3280,1.86292e-14
1.00945,3290,1.84405e-14
1.00945,3300,1.82608e-14
1.00945,3310,1.80891e-14
1.00945,3320,1.79134e-14
1.00945,3330,1.77376e-14
1.00945,3340,1.75658e-14
1.00945,3350,1.7402e-14
1.00945,3360,1.72379e-14
1.00945,3370,1.70735e-14
1.00945,3380,1.69189e-14
1.00945,3390,1.67738e-14
1.00945,3400,1.663e-14
1.00945,3410,1.64881e-14
1.00945,3420,1.63582e-14
1.00945,3430,1.6243e-14
1.00945,3440,1.61073e-14
1.00945,3450,1.59991e-14
1.00945,3460,1.58968e-14
1.00945,3470,1.57651e-14
1.00945,3480,1.56279e-14
1.00945,3490,1.55361e-14
1.00945,3500,1.53958e-14
1.00945,3510,1.52609e-14
1.00945,3520,1.5148e-14
1.00945,3530,1.50212e-14
1.00945,3540,1.48877e-14
1.00945,3550,1.47195e-14
1.00945,3560,1.46624e-14
1.00945,3570,1.45578e-14
1.00945,3580,1.44157e-14
1.00945,3590,1.44259e-14
1.00945,3600,1.44354e-14
1.00945,3610,1.44584e-14
1.00945,3620,1.44815e-14
1.00945,3630,1.43945e-14
1.00945,3640,1.42299e-14
1.00945,3650,1.41938e-14
1.00945,3660,1.39267e-14
1.00945,3670,1.38539e-14
1.00945,3680,1.37077e-14
1.00945,3690,1.35163e-14
1.00945,3700,1.34007e-14
1.00945,3710,1.31905e-14
1.00945,3720,1.30875e-14
1.00945,3730,1.30121e-14
1.00945,3740,1.29033e-14
1.00945,3750,1.28407e-14
1.00945,3760,1.27056e-14
1.00945,3770,1.25372e-14
1.00945,3780,1.24114e-14
1.00945,3790,1.22545e-14
1.00945,3800,1.21721e-14
1.00945,3810,1.21535e-14
1.00945,3820,1.20179e-14
1.00945,3830,1.19725e-14
1.00945,3840,1.18354e-14
1.00945,3850,1.17227e-14
1.00945,3860,1.1505e-14
1.00945,3870,1.14789e-14
1.00945,3880,1.13759e-14
1.00945,3890,1.12181e-14
1.00945,3900,1.09839e-14
1.00945,3910,1.09232e-14
1.00945,3920,1.06824e-14
1.00945,3930,1.04806e-14
1.00945,3940,1.09194e-14
1.00945,3950,1.08859e-14
1.00945,3960,1.06498e-14
1.00945,3970,1.09283e-14
1.00945,3980,1.07595e-14
1.00945,3990,1.05904e-14
1.00945,4000,1.05799e-14
1.00945,4010,1.04726e-14
1.00945,4020,1.03505e-14
1.00945,4030,1.02497e-14
1.00945,4040,1.0154e-14
1.00945,4050,1.00323e-14
1.00945,4060,9.91292e-15
1.00945,4070,9.78065e-15
1.00945,4080,9.64775e-15
1.00945,4090,9.52035e-15
1.00945,4100,9.38921e-15
1.00945,4110,9.26513e-15
1.00945,4120,9.15601e-15
1.00945,4130,9.07384e-15
1.00945,4140,8.95494e-15
1.00945,4150,9.06291e-15
1.00945,4160,8.92632e-15
1.00945,4170,9.15306e-15
1.00945,4180,9.16203e-15
1.00945,4190,9.10524e-15
1.00945,4200,9.10838e-15
1.00945,4210,9.06434e-15
1.00945,4220,8.98484e-15
1.00945,4230,8.92442e-15
1.00945,4240,8.83639e-15
1.00945,4250,8.73535e-15
1.00945,4260,8.63344e-15
1.00945,4270,8.50337e-15
1.00945,4280,8.38274e-15
1.00945,4290,8.36039e-15
1.00945,4300,8.2491e-15
1.00945,4310,8.25032e-15
1.00945,4320,8.10179e-15
1.00945,4330,8.05607e-15
1.00945,4340,7.96236e-15
1.00945,4350,7.14981e-15
1.00945,4360,7.10512e-15
1.00945,4370,7.06715e-15
1.00945,4380,7.01937e-15
1.00945,4390,6.98006e-15
1.00945,4400,6.94429e-15
1.00945,4410,6.92043e-15
1.00945,4420,6.91791e-15
1.00945,4430,6.93358e-15
1.00945,4440,6.99193e-15
1.00945,4450,7.11706e-15
1.00945,4460,7.22895e-15
1.00945,4470,7.42833e-15
1.00945,4480,7.62736e-15
1.00945,4490,7.91463e-15
1.00945,4500,8.05858e-15
1.00945,4510,8.26118e-15
1.00945,4520,8.16664e-15
1.00945,4530,8.31836e-15
1.00945,4540,8.09103e-15
1.00945,4550,8.07303e-15
1.00945,4560,7.92723e-15
1.00945,4570,7.78514e-15
1.00945,4580,7.69799e-15
1.00945,4590,7.54406e-15
1.00945,4600,7.41518e-15
1.00945,4610,7.29743e-15
1.00945,4620,7.19158e-15
1.00945,4630,7.1114e-15
1.00945,4640,7.02286e-15
1.00945,4650,7.06552e-15
1.00945,4660,7.03615e-15
1.00945,4670,7.14565e-15
1.00945,4680,7.16398e-15
1.00945,4690,7.12237e-15
1.00945,4700,7.16051e-15
1.00945,4710,7.09086e-15
1.00945,4720,7.11234e-15
1.00945,4730,7.05363e-15
1.00945,4740,7.01365e-15
1.00945,4750,6.95269e-15
1.00945,4760,6.89403e-15
1.00945,4770,6.82121e-15
1.00945,4780,6.75294e-15
1.00945,4790,6.68107e-15
1.00945,4800,6.61555e-15
1.00945,4810,6.54687e-15
1.00945,4820,6.49948e-15
1.00945,4830,6.43401e-15
1.00945,4840,6.37831e-15
1.00945,4850,6.31186e-15
1.00945,4860,6.25115e-15
1.00945,4870,6.18886e-15
1.00945,4880,6.12897e-15
1.00945,4890,6.07137e-15
1.00945,4900,6.02011e-15
1.00945,4910,5.97144e-15
1.00945,4920,5.92945e-15
1.00945,4930,5.88979e-15
1.00945,4940,5.85373e-15
1.00945,4950,5.81998e-15
1.00945,4960,5.78882e-15
1.00945,4970,5.75887e-15
1.00945,4980,5.73164e-15
1.00945,4990,5.70555e-15
1.00945,5000,5.68173e-15
1.00945,5010,5.65868e-15
1.00945,5020,5.63781e-15
1.00945,5030,5.61723e-15
1.00945,5040,5.59852e-15
1.00945,5050,5.58053e-15
1.00945,5060,5.56463e-15
1.00945,5070,5.54714e-15
1.00945,5080,5.53254e-15
1.00945,5090,5.51645e-15
1.00945,5100,5.50217e-15
1.00945,5110,5.48858e-15
1.00945,5120,5.47244e-15
1.00945,5130,5.45762e-15
1.00945,5140,5.44033e-15
1.00945,5150,5.42478e-15
1.00945,5160,5.40752e-15
1.00945,5170,5.38093e-15
1.00945,5180,5.37619e-15
1.00945,5190,5.35446e-15
1.00945,5200,5.34562e-15
1.00945,5210,5.32884e-15
1.00945,5220,5.31232e-15
1.00945,5230,5.29532e-15
1.00945,5240,5.27723e-15
1.00945,5250,5.26069e-15
1.00945,5260,5.24204e-15
1.00945,5270,5.22564e-15
1.00945,5280,5.20734e-15
1.00945,5290,5.19078e-15
1.00945,5300,5.17328e-15
1.00945,5310,5.15634e-15
1.00945,5320,5.14078e-15
1.00945,5330,5.12603e-15
1.00945,5340,5.11355e-15
1.00945,5350,5.1025e-15
1.00945,5360,5.09366e-15
1.00945,5370,5.08385e-15
1.00945,5380,5.07293e-15
1.00945,5390,5.06099e-15
1.00945,5400,5.04671e-15
1.00945,5410,5.0341e-15
1.00945,5420,5.02085e-15
1.00945,5430,5.00804e-15
1.00945,5440,4.99419e-15
1.00945,5450,4.97476e-15
1.00945,5460,4.98867e-15
1.00945,5470,4.94493e-15
1.00945,5480,4.93911e-15
1.00945,5490,4.90237e-15
1.00945,5500,4.88418e-15
1.00945,5510,4.85083e-15
1.00945,5520,4.82299e-15
1.00945,5530,4.7916e-15
1.00945,5540,4.75942e-15
1.00945,5550,4.72826e-15
1.00945,5560,4.69787e-15
1.00945,5570,4.66589e-15
1.00945,5580,4.6393e-15
1.00945,5590,4.60909e-15
1.00945,5600,4.50429e-15
1.00945,5610,4.52262e-15
1.00945,5620,4.43545e-15
1.00945,5630,4.33975e-15
3.75523,1850,6.96371e-14
3.75523,1860,7.18205e-14
3.75523,1870,6.90099e-14
3.75523,1880,7.29499e-14
3.75523,1890,7.43338e-14
3.75523,1900,7.23527e-14
3.75523,1910,7.11393e-14
3.75523,1920,7.35432e-14
3.75523,1930,7.40008e-14
3.75523,1940,7.4052e-14
3.75523,1950,7.38993e-14
3.75523,1960,7.29299e-14
3.75523,1970,7.05448e-14
3.75523,1980,6.67015e-14
3.75523,1990,6.37938e-14
3.75523,2000,6.49338e-14
3.75523,2010,6.41116e-14
3.75523,2020,6.58666e-14
3.75523,2030,6.68923e-14
3.75523,2040,6.7171e-14
3.75523,2050,6.73231e-14
3.75523,2060,6.66455e-14
3.75523,2070,6.58374e-14
3.75523,2080,6.49724e-14
3.75523,2090,6.39924e-14
3.75523,2100,6.28603e-14
3.75523,2110,6.15518e-14
3.75523,2120,6.02692e-14
3.75523,2130,5.93487e-14
3.75523,2140,5.84471e-14
3.75523,2150,5.75615e-14
3.75523,2160,5.68426e-14
3.75523,2170,5.61004e-14
3.75523,2180,5.34319e-14
3.75523,2190,4.49815e-14
3.75523,2200,4.38112e-14
3.75523,2210,4.83966e-14
3.75523,2220,5.04911e-14
3.75523,2230,5.1389e-14
3.75523,2240,5.1462e-14
3.75523,2250,5.15347e-14
3.75523,2260,5.16416e-14
3.75523,2270,5.17685e-14
3.75523,2280,5.17577e-14
3.75523,2290,5.15984e-14
3.75523,2300,5.10764e-14
3.75523,2310,5.00007e-14
3.75523,2320,4.86527e-14
3.75523,2330,4.72091e-14
3.75523,2340,4.59379e-14
3.75523,2350,4.50721e-14
3.75523,2360,4.46419e-14
3.75523,2370,4.44687e-14
3.75523,2380,4.43992e-14
3.75523,2390,4.42246e-14
3.75523,2400,4.39624e-14
3.75523,2410,4.38239e-14
3.75523,2420,4.35655e-14
3.75523,2430,4.30073e-14
3.75523,2440,4.22623e-14
3.75523,2450,4.14879e-14
3.75523,2460,4.07853e-14
3.75523,2470,4.00891e-14
3.75523,2480,3.94314e-14
3.75523,2490,3.8831e-14
3.75523,2500,3.82609e-14
3.75523,2510,3.77621e-14
3.75523,2520,3.73738e-14
3.75523,2530,3.70396e-14
3.75523,2540,3.67459e-14
3.75523,2550,3.65175e-14
3.75523,2560,3.64761e-14
3.75523,2570,3.64275e-14
3.75523,2580,3.62602e-14
3.75523,2590,3.60841e-14
3.75523,2600,3.60095e-14
3.75523,2610,3.61567e-14
3.75523,2620,3.63024e-14
3.75523,2630,3.63089e-14
3.75523,2640,3.59787e-14
3.75523,2650,3.54226e-14
3.75523,2660,3.47981e-14
3.75523,2670,3.41112e-14
3.75523,2680,3.34003e-14
3.75523,2690,3.26921e-14
3.75523,2700,3.20085e-14
3.75523,2710,3.13632e-14
3.75523,2720,3.08136e-14
3.75523,2730,3.02953e-14
3.75523,2740,2.98096e-14
3.75523,2750,2.93635e-14
3.75523,2760,2.89533e-14
3.75523,2770,2.8583e-14
3.75523,2780,2.82574e-14
3.75523,2790,2.79724e-14
3.75523,2800,2.76904e-14
3.75523,2810,2.73844e-14
3.75523,2820,2.70839e-14
3.75523,2830,2.68546e-14
3.75523,2840,2.65979e-14
3.75523,2850,2.64164e-14
3.75523,2860,2.63113e-14
3.75523,2870,2.62136e-14
3.75523,2880,2.60797e-14
3.75523,2890,2.59265e-14
3.75523,2900,2.58154e-14
3.75523,2910,2.57367e-14
3.75523,2920,2.56669e-14
3.75523,2930,2.55645e-14
3.75523,2940,2.53882e-14
3.75523,2950,2.51439e-14
3.75523,2960,2.48436e-14
3.75523,2970,2.45262e-14
3.75523,2980,2.42152e-14
3.75523,2990,2.39457e-14
3.75523,3000,2.3737e-14
3.75523,3010,2.36596e-14
3.75523,3020,2.36119e-14
3.75523,3030,2.38864e-14
3.75523,3040,2.40364e-14
3.75523,3050,2.40097e-14
3.75523,3060,2.40694e-14
3.75523,3070,2.40823e-14
3.75523,3080,2.4061e-14
3.75523,3090,2.3884e-14
3.75523,3100,2.36003e-14
3.75523,3110,2.324e-14
3.75523,3120,2.27591e-14
3.75523,3130,2.22995e-14
3.75523,3140,2.1888e-14
3.75523,3150,2.1474e-14
3.75523,3160,2.10915e-14
3.75523,3170,2.07633e-14
3.75523,3180,2.04578e-14
3.75523,3190,2.01903e-14
3.75523,3200,1.99543e-14
3.75523,3210,1.97298e-14
3.75523,3220,1.94741e-14
3.75523,3230,1.92216e-14
3.75523,3240,1.89717e-14
3.75523,3250,1.87336e-14
3.75523,3260,1.85074e-14
3.75523,3270,1.82958e-14
3.75523,3280,1.80988e-14
3.75523,3290,1.79155e-14
3.75523,3300,1.77409e-14
3.75523,3310,1.75741e-14
3.75523,3320,1.74034e-14
3.75523,3330,1.72326e-14
3.75523,3340,1.70657e-14
3.75523,3350,1.69066e-14
3.75523,3360,1.67471e-14
3.75523,3370,1.65875e-14
3.75523,3380,1.64372e-14
3.75523,3390,1.62963e-14
3.75523,3400,1.61565e-14
3.75523,3410,1.60187e-14
3.75523,3420,1.58925e-14
3.75523,3430,1.57806e-14
3.75523,3440,1.56488e-14
3.75523,3450,1.55436e-14
3.75523,3460,1.54443e-14
3.75523,3470,1.53163e-14
3.75523,3480,1.51829e-14
3.75523,3490,1.50938e-14
3.75523,3500,1.49575e-14
3.75523,3510,1.48264e-14
3.75523,3520,1.47168e-14
3.75523,3530,1.45935e-14
3.75523,3540,1.44638e-14
3.75523,3550,1.43005e-14
3.75523,3560,1.4245e-14
3.75523,3570,1.41433e-14
3.75523,3580,1.40053e-14
3.75523,3590,1.40152e-14
3.75523,3600,1.40244e-14
3.75523,3610,1.40467e-14
3.75523,3620,1.40692e-14
3.75523,3630,1.39846e-14
3.75523,3640,1.38247e-14
3.75523,3650,1.37897e-14
3.75523,3660,1.35302e-14
3.75523,3670,1.34595e-14
3.75523,3680,1.33174e-14
3.75523,3690,1.31315e-14
3.75523,3700,1.30191e-14
3.75523,3710,1.2815e-14
3.75523,3720,1.27149e-14
3.75523,3730,1.26417e-14
3.75523,3740,1.2536e-14
3.75523,3750,1.24752e-14
3.75523,3760,1.23439e-14
3.75523,3770,1.21802e-14
3.75523,3780,1.2058e-14
3.75523,3790,1.19057e-14
3.75523,3800,1.18255e-14
3.75523,3810,1.18075e-14
3.75523,3820,1.16758e-14
3.75523,3830,1.16317e-14
3.75523,3840,1.14984e-14
3.75523,3850,1.1389e-14
3.75523,3860,1.11775e-14
3.75523,3870,1.11521e-14
3.75523,3880,1.1052e-14
3.75523,3890,1.08988e-14
3.75523,3900,1.06712e-14
3.75523,3910,1.06123e-14
3.75523,3920,1.03783e-14
3.75523,3930,1.01822e-14
3.75523,3940,1.06085e-14
3.75523,3950,1.0576e-14
3.75523,3960,1.03466e-14
3.75523,3970,1.06172e-14
3.75523,3980,1.04531e-14
3.75523,3990,1.02889e-14
3.75523,4000,1.02787e-14
3.75523,4010,1.01744e-14
3.75523,4020,1.00558e-14
3.75523,4030,9.95791e-15
3.75523,4040,9.86488e-15
3.75523,4050,9.74667e-15
3.75523,4060,9.6307e-15
3.75523,4070,9.5022e-15
3.75523,4080,9.37308e-15
3.75523,4090,9.24931e-15
3.75523,4100,9.1219e-15
3.75523,4110,9.00135e-15
3.75523,4120,8.89534e-15
3.75523,4130,8.81551e-15
3.75523,4140,8.69999e-15
3.75523,4150,8.80489e-15
3.75523,4160,8.67219e-15
3.75523,4170,8.89248e-15
3.75523,4180,8.90119e-15
3.75523,4190,8.84601e-15
3.75523,4200,8.84906e-15
3.75523,4210,8.80628e-15
3.75523,4220,8.72904e-15
3.75523,4230,8.67034e-15
3.75523,4240,8.58482e-15
3.75523,4250,8.48666e-15
3.75523,4260,8.38765e-15
3.75523,4270,8.26128e-15
3.75523,4280,8.14409e-15
3.75523,4290,8.12237e-15
3.75523,4300,8.01425e-15
3.75523,4310,8.01544e-15
3.75523,4320,7.87113e-15
3.75523,4330,7.82672e-15
3.75523,4340,7.73567e-15
3.75523,4350,7.70773e-15
3.75523,4360,7.66182e-15
3.75523,4370,7.62311e-15
3.75523,4380,7.57378e-15
3.75523,4390,7.53354e-15
3.75523,4400,7.49708e-15
3.75523,4410,7.47345e-15
3.75523,4420,7.47282e-15
3.75523,4430,7.49184e-15
3.75523,4440,7.55698e-15
3.75523,4450,7.69435e-15
3.75523,4460,7.81745e-15
3.75523,4470,8.03524e-15
3.75523,4480,8.25274e-15
3.75523,4490,8.56585e-15
3.75523,4500,8.72395e-15
3.75523,4510,8.94563e-15
3.75523,4520,8.84556e-15
3.75523,4530,9.01222e-15
3.75523,4540,8.76817e-15
3.75523,4550,8.7509e-15
3.75523,4560,8.59503e-15
3.75523,4570,8.44308e-15
3.75523,4580,8.35064e-15
3.75523,4590,8.18569e-15
3.75523,4600,8.04782e-15
3.75523,4610,7.92195e-15
3.75523,4620,7.80892e-15
3.75523,4630,7.72371e-15
3.75523,4640,7.62936e-15
3.75523,4650,7.67752e-15
3.75523,4660,7.64739e-15
3.75523,4670,7.76822e-15
3.75523,4680,7.78995e-15
3.75523,4690,7.74647e-15
3.75523,4700,7.78973e-15
3.75523,4710,7.7157e-15
3.75523,4720,7.74082e-15
3.75523,4730,7.67862e-15
3.75523,4740,7.6368e-15
3.75523,4750,7.57209e-15
3.75523,4760,7.50984e-15
3.75523,4770,7.43212e-15
3.75523,4780,7.35932e-15
3.75523,4790,7.28256e-15
3.75523,4800,7.21267e-15
3.75523,4810,7.13929e-15
3.75523,4820,7.0891e-15
3.75523,4830,7.01914e-15
3.75523,4840,6.95981e-15
3.75523,4850,6.88871e-15
3.75523,4860,6.82384e-15
3.75523,4870,6.75722e-15
3.75523,4880,6.69317e-15
3.75523,4890,6.63159e-15
3.75523,4900,6.5769e-15
3.75523,4910,6.52502e-15
3.75523,4920,6.4804e-15
3.75523,4930,6.43831e-15
3.75523,4940,6.40013e-15
3.75523,4950,6.36444e-15
3.75523,4960,6.33157e-15
3.75523,4970,6.30001e-15
3.75523,4980,6.27139e-15
3.75523,4990,6.24402e-15
3.75523,5000,6.2191e-15
3.75523,5010,6.195e-15
3.75523,5020,6.17329e-15
3.75523,5030,6.15187e-15
3.75523,5040,6.13249e-15
3.75523,5050,6.11388e-15
3.75523,5060,6.09755e-15
3.75523,5070,6.07946e-15
3.75523,5080,6.06453e-15
3.75523,5090,6.04796e-15
3.75523,5100,6.03335e-15
3.75523,5110,6.01948e-15
3.75523,5120,6.00282e-15
3.75523,5130,5.98758e-15
3.75523,5140,5.96962e-15
3.75523,5150,5.95356e-15
3.75523,5160,5.93562e-15
3.75523,5170,5.90742e-15
3.75523,5180,5.90319e-15
3.75523,5190,5.88029e-15
3.75523,5200,5.87155e-15
3.75523,5210,5.85406e-15
3.75523,5220,5.83686e-15
3.75523,5230,5.81911e-15
3.75523,5240,5.80016e-15
3.75523,5250,5.7829e-15
3.75523,5260,5.76331e-15
3.75523,5270,5.74617e-15
3.75523,5280,5.72694e-15
3.75523,5290,5.70962e-15
3.75523,5300,5.69124e-15
3.75523,5310,5.67347e-15
3.75523,5320,5.65721e-15
3.75523,5330,5.64183e-15
3.75523,5340,5.62894e-15
3.75523,5350,5.61762e-15
3.75523,5360,5.60873e-15
3.75523,5370,5.59874e-15
3.75523,5380,5.58754e-15
3.75523,5390,5.5752e-15
3.75523,5400,5.56028e-15
3.75523,5410,5.54719e-15
3.75523,5420,5.53338e-15
3.75523,5430,5.51963e-15
3.75523,5440,5.50436e-15
3.75523,5450,5.48295e-15
3.75523,5460,5.49828e-15
3.75523,5470,5.45007e-15
3.75523,5480,5.44365e-15
3.75523,5490,5.40317e-15
3.75523,5500,5.38312e-15
3.75523,5510,5.34636e-15
3.75523,5520,5.31568e-15
3.75523,5530,5.28108e-15
3.75523,5540,5.24561e-15
3.75523,5550,5.21127e-15
3.75523,5560,5.17777e-15
3.75523,5570,5.14252e-15
3.75523,5580,5.11322e-15
3.75523,5590,5.07992e-15
3.75523,5600,4.96442e-15
3.75523,5610,4.98462e-15
3.75523,5620,4.88854e-15
3.75523,5630,4.78306e-15
4.36002,1850,6.89136e-14
4.36002,1860,7.10742e-14
4.36002,1870,6.82929e-14
4.36002,1880,7.21919e-14
4.36002,1890,7.35615e-14
4.36002,1900,7.16009e-14
4.36002,1910,7.04002e-14
4.36002,1920,7.2779e-14
4.36002,1930,7.32319e-14
4.36002,1940,7.32826e-14
4.36002,1950,7.31314e-14
4.36002,1960,7.21721e-14
4.36002,1970,6.98118e-14
4.36002,1980,6.60084e-14
4.36002,1990,6.31309e-14
4.36002,2000,6.42591e-14
4.36002,2010,6.34455e-14
4.36002,2020,6.51822e-14
4.36002,2030,6.61972e-14
4.36002,2040,6.64731e-14
4.36002,2050,6.66235e-14
4.36002,2060,6.5953e-14
4.36002,2070,6.51533e-14
4.36002,2080,6.42973e-14
4.36002,2090,6.33275e-14
4.36002,2100,6.22072e-14
4.36002,2110,6.09123e-14
4.36002,2120,5.9643e-14
4.36002,2130,5.87321e-14
4.36002,2140,5.78398e-14
4.36002,2150,5.69634e-14
4.36002,2160,5.62519e-14
4.36002,2170,5.55175e-14
4.36002,2180,5.28767e-14
4.36002,2190,4.45142e-14
4.36002,2200,4.3356e-14
4.36002,2210,4.78938e-14
4.36002,2220,4.99665e-14
4.36002,2230,5.08551e-14
4.36002,2240,5.09273e-14
4.36002,2250,5.09992e-14
4.36002,2260,5.1105e-14
4.36002,2270,5.12306e-14
4.36002,2280,5.12199e-14
4.36002,2290,5.10623e-14
4.36002,2300,5.05457e-14
4.36002,2310,4.94811e-14
4.36002,2320,4.81472e-14
4.36002,2330,4.67186e-14
4.36002,2340,4.54606e-14
4.36002,2350,4.46038e-14
4.36002,2360,4.41781e-14
4.36002,2370,4.40067e-14
4.36002,2380,4.39378e-14
4.36002,2390,4.37651e-14
4.36002,2400,4.35056e-14
4.36002,2410,4.33686e-14
4.36002,2420,4.31128e-14
4.36002,2430,4.25605e-14
4.36002,2440,4.18232e-14
4.36002,2450,4.10568e-14
4.36002,2460,4.03616e-14
4.36002,2470,3.96726e-14
4.36002,2480,3.90217e-14
4.36002,2490,3.84275e-14
4.36002,2500,3.78633e-14
4.36002,2510,3.73697e-14
4.36002,2520,3.69855e-14
4.36002,2530,3.66548e-14
4.36002,2540,3.63641e-14
4.36002,2550,3.6138e-14
4.36002,2560,3.60971e-14
4.36002,2570,3.6049e-14
4.36002,2580,3.58835e-14
4.36002,2590,3.57091e-14
4.36002,2600,3.56353e-14
4.36002,2610,3.5781e-14
4.36002,2620,3.59252e-14
4.36002,2630,3.59316e-14
4.36002,2640,3.56049e-14
4.36002,2650,3.50545e-14
4.36002,2660,3.44365e-14
4.36002,2670,3.37568e-14
4.36002,2680,3.30533e-14
4.36002,2690,3.23524e-14
4.36002,2700,3.16759e-14
4.36002,2710,3.10373e-14
4.36002,2720,3.04934e-14
4.36002,2730,2.99805e-14
4.36002,2740,2.94999e-14
4.36002,2750,2.90584e-14
4.36002,2760,2.86525e-14
4.36002,2770,2.8286e-14
4.36002,2780,2.79638e-14
4.36002,2790,2.76817e-14
4.36002,2800,2.74027e-14
4.36002,2810,2.70998e-14
4.36002,2820,2.68025e-14
4.36002,2830,2.65756e-14
4.36002,2840,2.63216e-14
4.36002,2850,2.61419e-14
4.36002,2860,2.6038e-14
4.36002,2870,2.59412e-14
4.36002,2880,2.58087e-14
4.36002,2890,2.56571e-14
4.36002,2900,2.55471e-14
4.36002,2910,2.54692e-14
4.36002,2920,2.54002e-14
4.36002,2930,2.52989e-14
4.36002,2940,2.51244e-14
4.36002,2950,2.48826e-14
4.36002,2960,2.45855e-14
4.36002,2970,2.42714e-14
4.36002,2980,2.39636e-14
4.36002,2990,2.36969e-14
4.36002,3000,2.34903e-14
4.36002,3010,2.34138e-14
4.36002,3020,2.33665e-14
4.36002,3030,2.36382e-14
4.36002,3040,2.37866e-14
4.36002,3050,2.37602e-14
4.36002,3060,2.38193e-14
4.36002,3070,2.38321e-14
4.36002,3080,2.3811e-14
4.36002,3090,2.36359e-14
4.36002,3100,2.33551e-14
4.36002,3110,2.29985e-14
4.36002,3120,2.25226e-14
4.36002,3130,2.20678e-14
4.36002,3140,2.16606e-14
4.36002,3150,2.12509e-14
4.36002,3160,2.08724e-14
4.36002,3170,2.05476e-14
4.36002,3180,2.02452e-14
4.36002,3190,1.99805e-14
4.36002,3200,1.97469e-14
4.36002,3210,1.95248e-14
4.36002,3220,1.92718e-14
4.36002,3230,1.90219e-14
4.36002,3240,1.87746e-14
4.36002,3250,1.8539e-14
4.36002,3260,1.83151e-14
4.36002,3270,1.81057e-14
4.36002,3280,1.79107e-14
4.36002,3290,1.77293e-14
4.36002,3300,1.75566e-14
4.36002,3310,1.73915e-14
4.36002,3320,1.72226e-14
4.36002,3330,1.70536e-14
4.36002,3340,1.68884e-14
4.36002,3350,1.67309e-14
4.36002,3360,1.65731e-14
4.36002,3370,1.64151e-14
4.36002,3380,1.62664e-14
4.36002,3390,1.6127e-14
4.36002,3400,1.59887e-14
4.36002,3410,1.58523e-14
4.36002,3420,1.57274e-14
4.36002,3430,1.56166e-14
4.36002,3440,1.54862e-14
4.36002,3450,1.53821e-14
4.36002,3460,1.52838e-14
4.36002,3470,1.51571e-14
4.36002,3480,1.50252e-14
4.36002,3490,1.4937e-14
4.36002,3500,1.48021e-14
4.36002,3510,1.46724e-14
4.36002,3520,1.45639e-14
4.36002,3530,1.44419e-14
4.36002,3540,1.43135e-14
4.36002,3550,1.41519e-14
4.36002,3560,1.40969e-14
4.36002,3570,1.39964e-14
4.36002,3580,1.38598e-14
4.36002,3590,1.38696e-14
4.36002,3600,1.38787e-14
4.36002,3610,1.39008e-14
4.36002,3620,1.3923e-14
4.36002,3630,1.38393e-14
4.36002,3640,1.36811e-14
4.36002,3650,1.36464e-14
4.36002,3660,1.33896e-14
4.36002,3670,1.33196e-14
4.36002,3680,1.31791e-14
4.36002,3690,1.29951e-14
4.36002,3700,1.28839e-14
4.36002,3710,1.26818e-14
4.36002,3720,1.25828e-14
4.36002,3730,1.25103e-14
4.36002,3740,1.24057e-14
4.36002,3750,1.23455e-14
4.36002,3760,1.22156e-14
4.36002,3770,1.20537e-14
4.36002,3780,1.19328e-14
4.36002,3790,1.17819e-14
4.36002,3800,1.17027e-14
4.36002,3810,1.16848e-14
4.36002,3820,1.15545e-14
4.36002,3830,1.15108e-14
4.36002,3840,1.1379e-14
4.36002,3850,1.12706e-14
4.36002,3860,1.10613e-14
4.36002,3870,1.10363e-14
4.36002,3880,1.09372e-14
4.36002,3890,1.07855e-14
4.36002,3900,1.05603e-14
4.36002,3910,1.0502e-14
4.36002,3920,1.02705e-14
4.36002,3930,1.00764e-14
4.36002,3940,1.04983e-14
4.36002,3950,1.04661e-14
4.36002,3960,1.02391e-14
4.36002,3970,1.05069e-14
4.36002,3980,1.03445e-14
4.36002,3990,1.0182e-14
4.36002,4000,1.01719e-14
4.36002,4010,1.00687e-14
4.36002,4020,9.95135e-15
4.36002,4030,9.85444e-15
4.36002,4040,9.76238e-15
4.36002,4050,9.6454e-15
4.36002,4060,9.53063e-15
4.36002,4070,9.40346e-15
4.36002,4080,9.27569e-15
4.36002,4090,9.1532e-15
4.36002,4100,9.02712e-15
4.36002,4110,8.90782e-15
4.36002,4120,8.80292e-15
4.36002,4130,8.72391e-15
4.36002,4140,8.6096e-15
4.36002,4150,8.7134e-15
4.36002,4160,8.58208e-15
4.36002,4170,8.80008e-15
4.36002,4180,8.8087e-15
4.36002,4190,8.7541e-15
4.36002,4200,8.75712e-15
4.36002,4210,8.71478e-15
4.36002,4220,8.63834e-15
4.36002,4230,8.58025e-15
4.36002,4240,8.49562e-15
4.36002,4250,8.39847e-15
4.36002,4260,8.3005e-15
4.36002,4270,8.17544e-15
4.36002,4280,8.05947e-15
4.36002,4290,8.03798e-15
4.36002,4300,7.93098e-15
4.36002,4310,7.93215e-15
4.36002,4320,7.78935e-15
4.36002,4330,7.74539e-15
4.36002,4340,7.6553e-15
4.36002,4350,7.61314e-15
4.36002,4360,7.56794e-15
4.36002,4370,7.52984e-15
4.36002,4380,7.48125e-15
4.36002,4390,7.44164e-15
4.36002,4400,7.40576e-15
4.36002,4410,7.38255e-15
4.36002,4420,7.38207e-15
4.36002,4430,7.40098e-15
4.36002,4440,7.46547e-15
4.36002,4450,7.6013e-15
4.36002,4460,7.72305e-15
4.36002,4470,7.93834e-15
4.36002,4480,8.15337e-15
4.36002,4490,8.46285e-15
4.36002,4500,8.6192e-15
4.36002,4510,8.83836e-15
4.36002,4520,8.73963e-15
4.36002,4530,8.90444e-15
4.36002,4540,8.66346e-15
4.36002,4550,8.64653e-15
4.36002,4560,8.49266e-15
4.36002,4570,8.34264e-15
4.36002,4580,8.25144e-15
4.36002,4590,8.08857e-15
4.36002,4600,7.95246e-15
4.36002,4610,7.8282e-15
4.36002,4620,7.71663e-15
4.36002,4630,7.63254e-15
4.36002,4640,7.53943e-15
4.36002,4650,7.58713e-15
4.36002,4660,7.55747e-15
4.36002,4670,7.67698e-15
4.36002,4680,7.69857e-15
4.36002,4690,7.65572e-15
4.36002,4700,7.69858e-15
4.36002,4710,7.62553e-15
4.36002,4720,7.65046e-15
4.36002,4730,7.5891e-15
4.36002,4740,7.54787e-15
4.36002,4750,7.48401e-15
4.36002,4760,7.42259e-15
4.36002,4770,7.34587e-15
4.36002,4780,7.27402e-15
4.36002,4790,7.19824e-15
4.36002,4800,7.12926e-15
4.36002,4810,7.05682e-15
4.36002,4820,7.0073e-15
4.36002,4830,6.93824e-15
4.36002,4840,6.87969e-15
4.36002,4850,6.8095e-15
4.36002,4860,6.74546e-15
4.36002,4870,6.67969e-15
4.36002,4880,6.61645e-15
4.36002,4890,6.55566e-15
4.36002,4900,6.50168e-15
4.36002,4910,6.45047e-15
4.36002,4920,6.40644e-15
4.36002,4930,6.36491e-15
4.36002,4940,6.32724e-15
4.36002,4950,6.29204e-15
4.36002,4960,6.25962e-15
4.36002,4970,6.22848e-15
4.36002,4980,6.20027e-15
4.36002,4990,6.17328e-15
4.36002,5000,6.14871e-15
4.36002,5010,6.12496e-15
4.36002,5020,6.10356e-15
4.36002,5030,6.08246e-15
4.36002,5040,6.06336e-15
4.36002,5050,6.04503e-15
4.36002,5060,6.02896e-15
4.36002,5070,6.01113e-15
4.36002,5080,5.99644e-15
4.36002,5090,5.98011e-15
4.36002,5100,5.96574e-15
4.36002,5110,5.95209e-15
4.36002,5120,5.93568e-15
4.36002,5130,5.92068e-15
4.36002,5140,5.90297e-15
4.36002,5150,5.88716e-15
4.36002,5160,5.86947e-15
4.36002,5170,5.84165e-15
4.36002,5180,5.83753e-15
4.36002,5190,5.81495e-15
4.36002,5200,5.80636e-15
4.36002,5210,5.78912e-15
4.36002,5220,5.77217e-15
4.36002,5230,5.75468e-15
4.36002,5240,5.736e-15
4.36002,5250,5.71899e-15
4.36002,5260,5.69967e-15
4.36002,5270,5.68277e-15
4.36002,5280,5.66381e-15
4.36002,5290,5.64673e-15
4.36002,5300,5.62862e-15
4.36002,5310,5.6111e-15
4.36002,5320,5.59507e-15
4.36002,5330,5.57991e-15
4.36002,5340,5.56721e-15
4.36002,5350,5.55606e-15
4.36002,5360,5.54732e-15
4.36002,5370,5.5375e-15
4.36002,5380,5.52646e-15
4.36002,5390,5.51431e-15
4.36002,5400,5.4996e-15
4.36002,5410,5.4867e-15
4.36002,5420,5.4731e-15
4.36002,5430,5.45952e-15
4.36002,5440,5.44442e-15
4.36002,5450,5.42324e-15
4.36002,5460,5.4384e-15
4.36002,5470,5.39071e-15
4.36002,5480,5.38437e-15
4.36002,5490,5.34433e-15
4.36002,5500,5.32449e-15
4.36002,5510,5.28814e-15
4.36002,5520,5.25779e-15
4.36002,5530,5.22356e-15
4.36002,5540,5.18848e-15
4.36002,5550,5.15452e-15
4.36002,5560,5.12138e-15
4.36002,5570,5.08652e-15
4.36002,5580,5.05754e-15
4.36002,5590,5.0246e-15
4.36002,5600,4.91035e-15
4.36002,5610,4.93034e-15
4.36002,5620,4.8353e-15
4.36002,5630,4.73097e-15
5.69178,1850,6.50015e-14
5.69178,1860,6.70395e-14
5.69178,1870,6.4416e-14
5.69178,1880,6.80937e-14
5.69178,1890,6.93855e-14
5.69178,1900,6.75363e-14
5.69178,1910,6.64037e-14
5.69178,1920,6.86475e-14
5.69178,1930,6.90747e-14
5.69178,1940,6.91225e-14
5.69178,1950,6.89799e-14
5.69178,1960,6.8075e-14
5.69178,1970,6.58487e-14
5.69178,1980,6.22613e-14
5.69178,1990,5.95471e-14
5.69178,2000,6.06113e-14
5.69178,2010,5.98438e-14
5.69178,2020,6.1482e-14
5.69178,2030,6.24394e-14
5.69178,2040,6.26995e-14
5.69178,2050,6.28415e-14
5.69178,2060,6.2209e-14
5.69178,2070,6.14547e-14
5.69178,2080,6.06473e-14
5.69178,2090,5.97325e-14
5.69178,2100,5.86758e-14
5.69178,2110,5.74544e-14
5.69178,2120,5.62572e-14
5.69178,2130,5.5398e-14
5.69178,2140,5.45563e-14
5.69178,2150,5.37297e-14
5.69178,2160,5.30586e-14
5.69178,2170,5.23658e-14
5.69178,2180,4.9875e-14
5.69178,2190,4.19872e-14
5.69178,2200,4.08947e-14
5.69178,2210,4.51749e-14
5.69178,2220,4.713e-14
5.69178,2230,4.79681e-14
5.69178,2240,4.80362e-14
5.69178,2250,4.81041e-14
5.69178,2260,4.82039e-14
5.69178,2270,4.83223e-14
5.69178,2280,4.83123e-14
5.69178,2290,4.81636e-14
5.69178,2300,4.76763e-14
5.69178,2310,4.66722e-14
5.69178,2320,4.5414e-14
5.69178,2330,4.40664e-14
5.69178,2340,4.28799e-14
5.69178,2350,4.20717e-14
5.69178,2360,4.16702e-14
5.69178,2370,4.15085e-14
5.69178,2380,4.14436e-14
5.69178,2390,4.12806e-14
5.69178,2400,4.10359e-14
5.69178,2410,4.09066e-14
5.69178,2420,4.06654e-14
5.69178,2430,4.01444e-14
5.69178,2440,3.9449e-14
5.69178,2450,3.87261e-14
5.69178,2460,3.80703e-14
5.69178,2470,3.74204e-14
5.69178,2480,3.68065e-14
5.69178,2490,3.62461e-14
5.69178,2500,3.57139e-14
5.69178,2510,3.52483e-14
5.69178,2520,3.48859e-14
5.69178,2530,3.4574e-14
5.69178,2540,3.42998e-14
5.69178,2550,3.40866e-14
5.69178,2560,3.40479e-14
5.69178,2570,3.40025e-14
5.69178,2580,3.38464e-14
5.69178,2590,3.3682e-14
5.69178,2600,3.36124e-14
5.69178,2610,3.37498e-14
5.69178,2620,3.38858e-14
5.69178,2630,3.38919e-14
5.69178,2640,3.35837e-14
5.69178,2650,3.30646e-14
5.69178,2660,3.24816e-14
5.69178,2670,3.18405e-14
5.69178,2680,3.11769e-14
5.69178,2690,3.05159e-14
5.69178,2700,2.98777e-14
5.69178,2710,2.92754e-14
5.69178,2720,2.87623e-14
5.69178,2730,2.82786e-14
5.69178,2740,2.78252e-14
5.69178,2750,2.74089e-14
5.69178,2760,2.70259e-14
5.69178,2770,2.66803e-14
5.69178,2780,2.63764e-14
5.69178,2790,2.61103e-14
5.69178,2800,2.58471e-14
5.69178,2810,2.55614e-14
5.69178,2820,2.5281e-14
5.69178,2830,2.50669e-14
5.69178,2840,2.48273e-14
5.69178,2850,2.46579e-14
5.69178,2860,2.45598e-14
5.69178,2870,2.44686e-14
5.69178,2880,2.43436e-14
5.69178,2890,2.42006e-14
5.69178,2900,2.40969e-14
5.69178,2910,2.40234e-14
5.69178,2920,2.39583e-14
5.69178,2930,2.38627e-14
5.69178,2940,2.36982e-14
5.69178,2950,2.34701e-14
5.69178,2960,2.31898e-14
5.69178,2970,2.28935e-14
5.69178,2980,2.26032e-14
5.69178,2990,2.23517e-14
5.69178,3000,2.21568e-14
5.69178,3010,2.20846e-14
5.69178,3020,2.20401e-14
5.69178,3030,2.22963e-14
5.69178,3040,2.24363e-14
5.69178,3050,2.24114e-14
5.69178,3060,2.24671e-14
5.69178,3070,2.24792e-14
5.69178,3080,2.24593e-14
5.69178,3090,2.22941e-14
5.69178,3100,2.20293e-14
5.69178,3110,2.16929e-14
5.69178,3120,2.12441e-14
5.69178,3130,2.08151e-14
5.69178,3140,2.04309e-14
5.69178,3150,2.00445e-14
5.69178,3160,1.96875e-14
5.69178,3170,1.93811e-14
5.69178,3180,1.90959e-14
5.69178,3190,1.88463e-14
5.69178,3200,1.86259e-14
5.69178,3210,1.84164e-14
5.69178,3220,1.81777e-14
5.69178,3230,1.7942e-14
5.69178,3240,1.77088e-14
5.69178,3250,1.74865e-14
5.69178,3260,1.72753e-14
5.69178,3270,1.70779e-14
5.69178,3280,1.6894e-14
5.69178,3290,1.67229e-14
5.69178,3300,1.65599e-14
5.69178,3310,1.64042e-14
5.69178,3320,1.62449e-14
5.69178,3330,1.60855e-14
5.69178,3340,1.59297e-14
5.69178,3350,1.57811e-14
5.69178,3360,1.56323e-14
5.69178,3370,1.54833e-14
5.69178,3380,1.5343e-14
5.69178,3390,1.52115e-14
5.69178,3400,1.5081e-14
5.69178,3410,1.49524e-14
5.69178,3420,1.48346e-14
5.69178,3430,1.47301e-14
5.69178,3440,1.4607e-14
5.69178,3450,1.45089e-14
5.69178,3460,1.44162e-14
5.69178,3470,1.42967e-14
5.69178,3480,1.41722e-14
5.69178,3490,1.4089e-14
5.69178,3500,1.39618e-14
5.69178,3510,1.38394e-14
5.69178,3520,1.37371e-14
5.69178,3530,1.36221e-14
5.69178,3540,1.3501e-14
5.69178,3550,1.33485e-14
5.69178,3560,1.32967e-14
5.69178,3570,1.32018e-14
5.69178,3580,1.3073e-14
5.69178,3590,1.30822e-14
5.69178,3600,1.30909e-14
5.69178,3610,1.31117e-14
5.69178,3620,1.31326e-14
5.69178,3630,1.30537e-14
5.69178,3640,1.29045e-14
5.69178,3650,1.28717e-14
5.69178,3660,1.26295e-14
5.69178,3670,1.25635e-14
5.69178,3680,1.24309e-14
5.69178,3690,1.22574e-14
5.69178,3700,1.21525e-14
5.69178,3710,1.19619e-14
5.69178,3720,1.18685e-14
5.69178,3730,1.18001e-14
5.69178,3740,1.17015e-14
5.69178,3750,1.16447e-14
5.69178,3760,1.15221e-14
5.69178,3770,1.13694e-14
5.69178,3780,1.12554e-14
5.69178,3790,1.11131e-14
5.69178,3800,1.10383e-14
5.69178,3810,1.10215e-14
5.69178,3820,1.08986e-14
5.69178,3830,1.08574e-14
5.69178,3840,1.0733e-14
5.69178,3850,1.06308e-14
5.69178,3860,1.04334e-14
5.69178,3870,1.04098e-14
5.69178,3880,1.03163e-14
5.69178,3890,1.01732e-14
5.69178,3900,9.96081e-15
5.69178,3910,9.90581e-15
5.69178,3920,9.68745e-15
5.69178,3930,9.50438e-15
5.69178,3940,9.90231e-15
5.69178,3950,9.87197e-15
5.69178,3960,9.65785e-15
5.69178,3970,9.91044e-15
5.69178,3980,9.75728e-15
5.69178,3990,9.604e-15
5.69178,4000,9.59442e-15
5.69178,4010,9.4971e-15
5.69178,4020,9.38643e-15
5.69178,4030,9.29502e-15
5.69178,4040,9.20819e-15
5.69178,4050,9.09785e-15
5.69178,4060,8.9896e-15
5.69178,4070,8.86965e-15
5.69178,4080,8.74913e-15
5.69178,4090,8.63359e-15
5.69178,4100,8.51467e-15
5.69178,4110,8.40214e-15
5.69178,4120,8.30319e-15
5.69178,4130,8.22867e-15
5.69178,4140,8.12085e-15
5.69178,4150,8.21876e-15
5.69178,4160,8.09489e-15
5.69178,4170,8.30052e-15
5.69178,4180,8.30865e-15
5.69178,4190,8.25715e-15
5.69178,4200,8.25999e-15
5.69178,4210,8.22006e-15
5.69178,4220,8.14796e-15
5.69178,4230,8.09317e-15
5.69178,4240,8.01334e-15
5.69178,4250,7.92171e-15
5.69178,4260,7.8293e-15
5.69178,4270,7.71134e-15
5.69178,4280,7.60195e-15
5.69178,4290,7.58168e-15
5.69178,4300,7.48075e-15
5.69178,4310,7.48186e-15
5.69178,4320,7.34716e-15
5.69178,4330,7.3057e-15
5.69178,4340,7.22072e-15
5.69178,4350,6.91765e-15
5.69178,4360,6.87676e-15
5.69178,4370,6.84233e-15
5.69178,4380,6.79836e-15
5.69178,4390,6.76255e-15
5.69178,4400,6.73012e-15
5.69178,4410,6.70921e-15
5.69178,4420,6.70895e-15
5.69178,4430,6.72631e-15
5.69178,4440,6.7851e-15
5.69178,4450,6.90873e-15
5.69178,4460,7.01956e-15
5.69178,4470,7.21542e-15
5.69178,4480,7.41105e-15
5.69178,4490,7.69255e-15
5.69178,4500,7.83486e-15
5.69178,4510,8.03427e-15
5.69178,4520,7.94472e-15
5.69178,4530,8.09473e-15
5.69178,4540,7.87585e-15
5.69178,4550,7.86064e-15
5.69178,4560,7.72094e-15
5.69178,4570,7.58473e-15
5.69178,4580,7.50199e-15
5.69178,4590,7.35408e-15
5.69178,4600,7.2305e-15
5.69178,4610,7.11768e-15
5.69178,4620,7.01639e-15
5.69178,4630,6.94009e-15
5.69178,4640,6.85557e-15
5.69178,4650,6.89909e-15
5.69178,4660,6.87227e-15
5.69178,4670,6.9811e-15
5.69178,4680,7.00088e-15
5.69178,4690,6.96206e-15
5.69178,4700,7.00119e-15
5.69178,4710,6.9349e-15
5.69178,4720,6.95771e-15
5.69178,4730,6.90205e-15
5.69178,4740,6.8647e-15
5.69178,4750,6.80676e-15
5.69178,4760,6.75103e-15
5.69178,4770,6.68139e-15
5.69178,4780,6.61616e-15
5.69178,4790,6.54737e-15
5.69178,4800,6.48475e-15
5.69178,4810,6.41899e-15
5.69178,4820,6.37406e-15
5.69178,4830,6.31137e-15
5.69178,4840,6.25822e-15
5.69178,4850,6.19449e-15
5.69178,4860,6.13635e-15
5.69178,4870,6.07663e-15
5.69178,4880,6.01921e-15
5.69178,4890,5.96402e-15
5.69178,4900,5.91502e-15
5.69178,4910,5.86854e-15
5.69178,4920,5.82858e-15
5.69178,4930,5.7909e-15
5.69178,4940,5.75673e-15
5.69178,4950,5.7248e-15
5.69178,4960,5.6954e-15
5.69178,4970,5.66717e-15
5.69178,4980,5.6416e-15
5.69178,4990,5.61713e-15
5.69178,5000,5.59488e-15
5.69178,5010,5.57336e-15
5.69178,5020,5.55398e-15
5.69178,5030,5.53487e-15
5.69178,5040,5.51759e-15
5.69178,5050,5.50099e-15
5.69178,5060,5.48646e-15
5.69178,5070,5.47033e-15
5.69178,5080,5.45704e-15
5.69178,5090,5.44227e-15
5.69178,5100,5.42928e-15
5.69178,5110,5.41694e-15
5.69178,5120,5.40209e-15
5.69178,5130,5.38852e-15
5.69178,5140,5.37249e-15
5.69178,5150,5.35818e-15
5.69178,5160,5.34217e-15
5.69178,5170,5.31692e-15
5.69178,5180,5.31325e-15
5.69178,5190,5.29278e-15
5.69178,5200,5.28504e-15
5.69178,5210,5.26943e-15
5.69178,5220,5.25408e-15
5.69178,5230,5.23823e-15
5.69178,5240,5.2213e-15
5.69178,5250,5.20589e-15
5.69178,5260,5.18838e-15
5.69178,5270,5.17308e-15
5.69178,5280,5.15589e-15
5.69178,5290,5.14042e-15
5.69178,5300,5.12399e-15
5.69178,5310,5.10812e-15
5.69178,5320,5.09359e-15
5.69178,5330,5.07986e-15
5.69178,5340,5.06837e-15
5.69178,5350,5.0583e-15
5.69178,5360,5.0504e-15
5.69178,5370,5.04153e-15
5.69178,5380,5.03155e-15
5.69178,5390,5.02055e-15
5.69178,5400,5.00723e-15
5.69178,5410,4.99555e-15
5.69178,5420,4.98323e-15
5.69178,5430,4.97089e-15
5.69178,5440,4.95714e-15
5.69178,5450,4.93786e-15
5.69178,5460,4.95167e-15
5.69178,5470,4.90825e-15
5.69178,5480,4.90247e-15
5.69178,5490,4.86601e-15
5.69178,5500,4.84795e-15
5.69178,5510,4.81485e-15
5.69178,5520,4.78721e-15
5.69178,5530,4.75605e-15
5.69178,5540,4.72411e-15
5.69178,5550,4.69319e-15
5.69178,5560,4.66302e-15
5.69178,5570,4.63127e-15
5.69178,5580,4.60489e-15
5.69178,5590,4.5749e-15
5.69178,5600,4.47088e-15
5.69178,5610,4.48907e-15
5.69178,5620,4.40254e-15
5.69178,5630,4.30755e-15
9.24113,1850,4.72519e-14
9.24113,1860,4.87334e-14
9.24113,1870,4.68263e-14
9.24113,1880,4.94997e-14
9.24113,1890,5.04388e-14
9.24113,1900,4.90945e-14
9.24113,1910,4.82712e-14
9.24113,1920,4.99023e-14
9.24113,1930,5.02128e-14
9.24113,1940,5.02476e-14
9.24113,1950,5.01439e-14
9.24113,1960,4.94861e-14
9.24113,1970,4.78677e-14
9.24113,1980,4.52599e-14
9.24113,1990,4.32869e-14
9.24113,2000,4.40605e-14
9.24113,2010,4.35026e-14
9.24113,2020,4.46934e-14
9.24113,2030,4.53894e-14
9.24113,2040,4.55785e-14
9.24113,2050,4.56817e-14
9.24113,2060,4.52219e-14
9.24113,2070,4.46736e-14
9.24113,2080,4.40867e-14
9.24113,2090,4.34217e-14
9.24113,2100,4.26535e-14
9.24113,2110,4.17656e-14
9.24113,2120,4.08953e-14
9.24113,2130,4.02707e-14
9.24113,2140,3.96589e-14
9.24113,2150,3.9058e-14
9.24113,2160,3.85702e-14
9.24113,2170,3.80666e-14
9.24113,2180,3.62559e-14
9.24113,2190,3.0522e-14
9.24113,2200,2.97278e-14
9.24113,2210,3.28393e-14
9.24113,2220,3.42605e-14
9.24113,2230,3.48697e-14
9.24113,2240,3.49192e-14
9.24113,2250,3.49686e-14
9.24113,2260,3.50411e-14
9.24113,2270,3.51272e-14
9.24113,2280,3.51199e-14
9.24113,2290,3.50118e-14
9.24113,2300,3.46576e-14
9.24113,2310,3.39277e-14
9.24113,2320,3.3013e-14
9.24113,2330,3.20335e-14
9.24113,2340,3.11709e-14
9.24113,2350,3.05834e-14
9.24113,2360,3.02915e-14
9.24113,2370,3.0174e-14
9.24113,2380,3.01268e-14
9.24113,2390,3.00083e-14
9.24113,2400,2.98305e-14
9.24113,2410,2.97365e-14
9.24113,2420,2.95611e-14
9.24113,2430,2.91824e-14
9.24113,2440,2.86769e-14
9.24113,2450,2.81514e-14
9.24113,2460,2.76747e-14
9.24113,2470,2.72022e-14
9.24113,2480,2.67559e-14
9.24113,2490,2.63486e-14
9.24113,2500,2.59617e-14
9.24113,2510,2.56232e-14
9.24113,2520,2.53598e-14
9.24113,2530,2.5133e-14
9.24113,2540,2.49337e-14
9.24113,2550,2.47787e-14
9.24113,2560,2.47506e-14
9.24113,2570,2.47176e-14
9.24113,2580,2.46042e-14
9.24113,2590,2.44846e-14
9.24113,2600,2.4434e-14
9.24113,2610,2.45339e-14
9.24113,2620,2.46328e-14
9.24113,2630,2.46372e-14
9.24113,2640,2.44131e-14
9.24113,2650,2.40358e-14
9.24113,2660,2.3612e-14
9.24113,2670,2.3146e-14
9.24113,2680,2.26636e-14
9.24113,2690,2.21831e-14
9.24113,2700,2.17192e-14
9.24113,2710,2.12813e-14
9.24113,2720,2.09084e-14
9.24113,2730,2.05567e-14
9.24113,2740,2.02271e-14
9.24113,2750,1.99245e-14
9.24113,2760,1.96461e-14
9.24113,2770,1.93948e-14
9.24113,2780,1.91739e-14
9.24113,2790,1.89805e-14
9.24113,2800,1.87892e-14
9.24113,2810,1.85815e-14
9.24113,2820,1.83776e-14
9.24113,2830,1.8222e-14
9.24113,2840,1.80479e-14
9.24113,2850,1.79247e-14
9.24113,2860,1.78534e-14
9.24113,2870,1.77871e-14
9.24113,2880,1.76962e-14
9.24113,2890,1.75923e-14
9.24113,2900,1.75169e-14
9.24113,2910,1.74635e-14
9.24113,2920,1.74161e-14
9.24113,2930,1.73467e-14
9.24113,2940,1.7227e-14
9.24113,2950,1.70613e-14
9.24113,2960,1.68575e-14
9.24113,2970,1.66421e-14
9.24113,2980,1.64311e-14
9.24113,2990,1.62482e-14
9.24113,3000,1.61066e-14
9.24113,3010,1.60541e-14
9.24113,3020,1.60217e-14
9.24113,3030,1.6208e-14
9.24113,3040,1.63097e-14
9.24113,3050,1.62916e-14
9.24113,3060,1.63321e-14
9.24113,3070,1.63409e-14
9.24113,3080,1.63264e-14
9.24113,3090,1.62064e-14
9.24113,3100,1.60139e-14
9.24113,3110,1.57693e-14
9.24113,3120,1.54431e-14
9.24113,3130,1.51312e-14
9.24113,3140,1.4852e-14
9.24113,3150,1.45711e-14
9.24113,3160,1.43115e-14
9.24113,3170,1.40888e-14
9.24113,3180,1.38815e-14
9.24113,3190,1.37e-14
9.24113,3200,1.35399e-14
9.24113,3210,1.33875e-14
9.24113,3220,1.3214e-14
9.24113,3230,1.30427e-14
9.24113,3240,1.28732e-14
9.24113,3250,1.27116e-14
9.24113,3260,1.25581e-14
9.24113,3270,1.24145e-14
9.24113,3280,1.22808e-14
9.24113,3290,1.21565e-14
9.24113,3300,1.2038e-14
9.24113,3310,1.19248e-14
9.24113,3320,1.1809e-14
9.24113,3330,1.16931e-14
9.24113,3340,1.15798e-14
9.24113,3350,1.14718e-14
9.24113,3360,1.13637e-14
9.24113,3370,1.12553e-14
9.24113,3380,1.11534e-14
9.24113,3390,1.10578e-14
9.24113,3400,1.09629e-14
9.24113,3410,1.08694e-14
9.24113,3420,1.07838e-14
9.24113,3430,1.07078e-14
9.24113,3440,1.06184e-14
9.24113,3450,1.0547e-14
9.24113,3460,1.04796e-14
9.24113,3470,1.03928e-14
9.24113,3480,1.03023e-14
9.24113,3490,1.02418e-14
9.24113,3500,1.01493e-14
9.24113,3510,1.00604e-14
9.24113,3520,9.98598e-15
9.24113,3530,9.90235e-15
9.24113,3540,9.81435e-15
9.24113,3550,9.7035e-15
9.24113,3560,9.66583e-15
9.24113,3570,9.59688e-15
9.24113,3580,9.50323e-15
9.24113,3590,9.50994e-15
9.24113,3600,9.51621e-15
9.24113,3610,9.53134e-15
9.24113,3620,9.54655e-15
9.24113,3630,9.4892e-15
9.24113,3640,9.3807e-15
9.24113,3650,9.35692e-15
9.24113,3660,9.18082e-15
9.24113,3670,9.13285e-15
9.24113,3680,9.03647e-15
9.24113,3690,8.91033e-15
9.24113,3700,8.83406e-15
9.24113,3710,8.69554e-15
9.24113,3720,8.62763e-15
9.24113,3730,8.57793e-15
9.24113,3740,8.50623e-15
9.24113,3750,8.46495e-15
9.24113,3760,8.37585e-15
9.24113,3770,8.26483e-15
9.24113,3780,8.18192e-15
9.24113,3790,8.07851e-15
9.24113,3800,8.02414e-15
9.24113,3810,8.01188e-15
9.24113,3820,7.92255e-15
9.24113,3830,7.89261e-15
9.24113,3840,7.8022e-15
9.24113,3850,7.72791e-15
9.24113,3860,7.58441e-15
9.24113,3870,7.56722e-15
9.24113,3880,7.49929e-15
9.24113,3890,7.39529e-15
9.24113,3900,7.24087e-15
9.24113,3910,7.20089e-15
9.24113,3920,7.04215e-15
9.24113,3930,6.90907e-15
9.24113,3940,7.19834e-15
9.24113,3950,7.17628e-15
9.24113,3960,7.02063e-15
9.24113,3970,7.20425e-15
9.24113,3980,7.09291e-15
9.24113,3990,6.98149e-15
9.24113,4000,6.97452e-15
9.24113,4010,6.90378e-15
9.24113,4020,6.82333e-15
9.24113,4030,6.75688e-15
9.24113,4040,6.69376e-15
9.24113,4050,6.61355e-15
9.24113,4060,6.53486e-15
9.24113,4070,6.44766e-15
9.24113,4080,6.36005e-15
9.24113,4090,6.27606e-15
9.24113,4100,6.18961e-15
9.24113,4110,6.10782e-15
9.24113,4120,6.03588e-15
9.24113,4130,5.98171e-15
9.24113,4140,5.90333e-15
9.24113,4150,5.97451e-15
9.24113,4160,5.88446e-15
9.24113,4170,6.03394e-15
9.24113,4180,6.03985e-15
9.24113,4190,6.00241e-15
9.24113,4200,6.00448e-15
9.24113,4210,5.97545e-15
9.24113,4220,5.92304e-15
9.24113,4230,5.88321e-15
9.24113,4240,5.82518e-15
9.24113,4250,5.75857e-15
9.24113,4260,5.69139e-15
9.24113,4270,5.60564e-15
9.24113,4280,5.52612e-15
9.24113,4290,5.51139e-15
9.24113,4300,5.43802e-15
9.24113,4310,5.43883e-15
9.24113,4320,5.34091e-15
9.24113,4330,5.31077e-15
9.24113,4340,5.249e-15
9.24113,4350,6.64608e-15
9.24113,4360,6.60688e-15
9.24113,4370,6.57387e-15
9.24113,4380,6.5317e-15
9.24113,4390,6.49736e-15
9.24113,4400,6.46628e-15
9.24113,4410,6.44625e-15
9.24113,4420,6.44607e-15
9.24113,4430,6.46283e-15
9.24113,4440,6.51937e-15
9.24113,4450,6.63823e-15
9.24113,4460,6.7448e-15
9.24113,4470,6.93307e-15
9.24113,4480,7.12111e-15
9.24113,4490,7.39167e-15
9.24113,4500,7.52848e-15
9.24113,4510,7.72018e-15
9.24113,4520,7.6342e-15
9.24113,4530,7.77843e-15
9.24113,4540,7.56817e-15
9.24113,4550,7.55363e-15
9.24113,4560,7.41946e-15
9.24113,4570,7.28864e-15
9.24113,4580,7.20919e-15
9.24113,4590,7.06712e-15
9.24113,4600,6.94843e-15
9.24113,4610,6.84007e-15
9.24113,4620,6.74279e-15
9.24113,4630,6.66953e-15
9.24113,4640,6.58836e-15
9.24113,4650,6.63025e-15
9.24113,4660,6.60454e-15
9.24113,4670,6.70918e-15
9.24113,4680,6.72825e-15
9.24113,4690,6.691e-15
9.24113,4700,6.72866e-15
9.24113,4710,6.66501e-15
9.24113,4720,6.68699e-15
9.24113,4730,6.63355e-15
9.24113,4740,6.5977e-15
9.24113,4750,6.54207e-15
9.24113,4760,6.48856e-15
9.24113,4770,6.42168e-15
9.24113,4780,6.35904e-15
9.24113,4790,6.29297e-15
9.24113,4800,6.23284e-15
9.24113,4810,6.16968e-15
9.24113,4820,6.12655e-15
9.24113,4830,6.06633e-15
9.24113,4840,6.0153e-15
9.24113,4850,5.95408e-15
9.24113,4860,5.89825e-15
9.24113,4870,5.84089e-15
9.24113,4880,5.78575e-15
9.24113,4890,5.73273e-15
9.24113,4900,5.68568e-15
9.24113,4910,5.64104e-15
9.24113,4920,5.60267e-15
9.24113,4930,5.56649e-15
9.24113,4940,5.53369e-15
9.24113,4950,5.50303e-15
9.24113,4960,5.47482e-15
9.24113,4970,5.44772e-15
9.24113,4980,5.42317e-15
9.24113,4990,5.39969e-15
9.24113,5000,5.37833e-15
9.24113,5010,5.35768e-15
9.24113,5020,5.33909e-15
9.24113,5030,5.32076e-15
9.24113,5040,5.30418e-15
9.24113,5050,5.28826e-15
9.24113,5060,5.27432e-15
9.24113,5070,5.25885e-15
9.24113,5080,5.24611e-15
9.24113,5090,5.23195e-15
9.24113,5100,5.21949e-15
9.24113,5110,5.20766e-15
9.24113,5120,5.19342e-15
9.24113,5130,5.18041e-15
9.24113,5140,5.16503e-15
9.24113,5150,5.1513e-15
9.24113,5160,5.13594e-15
9.24113,5170,5.1117e-15
9.24113,5180,5.10821e-15
9.24113,5190,5.08855e-15
9.24113,5200,5.08115e-15
9.24113,5210,5.06617e-15
9.24113,5220,5.05144e-15
9.24113,5230,5.03623e-15
9.24113,5240,5.01999e-15
9.24113,5250,5.0052e-15
9.24113,5260,4.98839e-15
9.24113,5270,4.97371e-15
9.24113,5280,4.95721e-15
9.24113,5290,4.94236e-15
9.24113,5300,4.9266e-15
9.24113,5310,4.91136e-15
9.24113,5320,4.89743e-15
9.24113,5330,4.88425e-15
9.24113,5340,4.87323e-15
9.24113,5350,4.86357e-15
9.24113,5360,4.85601e-15
9.24113,5370,4.8475e-15
9.24113,5380,4.83793e-15
9.24113,5390,4.82739e-15
9.24113,5400,4.8146e-15
9.24113,5410,4.80339e-15
9.24113,5420,4.79157e-15
9.24113,5430,4.77973e-15
9.24113,5440,4.7665e-15
9.24113,5450,4.74796e-15
9.24113,5460,4.76124e-15
9.24113,5470,4.71949e-15
9.24113,5480,4.71393e-15
9.24113,5490,4.67887e-15
9.24113,5500,4.66151e-15
9.24113,5510,4.62968e-15
9.24113,5520,4.60311e-15
9.24113,5530,4.57315e-15
9.24113,5540,4.54244e-15
9.24113,5550,4.5127e-15
9.24113,5560,4.48369e-15
9.24113,5570,4.45317e-15
9.24113,5580,4.4278e-15
9.24113,5590,4.39896e-15
9.24113,5600,4.29894e-15
9.24113,5610,4.31643e-15
9.24113,5620,4.23323e-15
9.24113,5630,4.14189e-15
12.2556,1850,3.56091e-14
12.2556,1860,3.67255e-14
12.2556,1870,3.52883e-14
12.2556,1880,3.7303e-14
12.2556,1890,3.80107e-14
12.2556,1900,3.69977e-14
12.2556,1910,3.63772e-14
12.2556,1920,3.76064e-14
12.2556,1930,3.78405e-14
12.2556,1940,3.78666e-14
12.2556,1950,3.77885e-14
12.2556,1960,3.72928e-14
12.2556,1970,3.60732e-14
12.2556,1980,3.41079e-14
12.2556,1990,3.26211e-14
12.2556,2000,3.3204e-14
12.2556,2010,3.27836e-14
12.2556,2020,3.3681e-14
12.2556,2030,3.42055e-14
12.2556,2040,3.4348e-14
12.2556,2050,3.44258e-14
12.2556,2060,3.40793e-14
12.2556,2070,3.36661e-14
12.2556,2080,3.32238e-14
12.2556,2090,3.27226e-14
12.2556,2100,3.21437e-14
12.2556,2110,3.14746e-14
12.2556,2120,3.08188e-14
12.2556,2130,3.03481e-14
12.2556,2140,2.9887e-14
12.2556,2150,2.94342e-14
12.2556,2160,2.90665e-14
12.2556,2170,2.8687e-14
12.2556,2180,2.73225e-14
12.2556,2190,2.30014e-14
12.2556,2200,2.24029e-14
12.2556,2210,2.47477e-14
12.2556,2220,2.58187e-14
12.2556,2230,2.62779e-14
12.2556,2240,2.63152e-14
12.2556,2250,2.63524e-14
12.2556,2260,2.6407e-14
12.2556,2270,2.64719e-14
12.2556,2280,2.64664e-14
12.2556,2290,2.63849e-14
12.2556,2300,2.6118e-14
12.2556,2310,2.55679e-14
12.2556,2320,2.48787e-14
12.2556,2330,2.41405e-14
12.2556,2340,2.34904e-14
12.2556,2350,2.30477e-14
12.2556,2360,2.28277e-14
12.2556,2370,2.27392e-14
12.2556,2380,2.27036e-14
12.2556,2390,2.26143e-14
12.2556,2400,2.24803e-14
12.2556,2410,2.24094e-14
12.2556,2420,2.22773e-14
12.2556,2430,2.19919e-14
12.2556,2440,2.16109e-14
12.2556,2450,2.12149e-14
12.2556,2460,2.08557e-14
12.2556,2470,2.04996e-14
12.2556,2480,2.01633e-14
12.2556,2490,1.98563e-14
12.2556,2500,1.95648e-14
12.2556,2510,1.93097e-14
12.2556,2520,1.91112e-14
12.2556,2530,1.89403e-14
12.2556,2540,1.87901e-14
12.2556,2550,1.86733e-14
12.2556,2560,1.86521e-14
12.2556,2570,1.86272e-14
12.2556,2580,1.85417e-14
12.2556,2590,1.84517e-14
12.2556,2600,1.84135e-14
12.2556,2610,1.84888e-14
12.2556,2620,1.85633e-14
12.2556,2630,1.85666e-14
12.2556,2640,1.83978e-14
12.2556,2650,1.81134e-14
12.2556,2660,1.77941e-14
12.2556,2670,1.74428e-14
12.2556,2680,1.70793e-14
12.2556,2690,1.67172e-14
12.2556,2700,1.63676e-14
12.2556,2710,1.60376e-14
12.2556,2720,1.57566e-14
12.2556,2730,1.54915e-14
12.2556,2740,1.52432e-14
12.2556,2750,1.50151e-14
12.2556,2760,1.48053e-14
12.2556,2770,1.4616e-14
12.2556,2780,1.44495e-14
12.2556,2790,1.43037e-14
12.2556,2800,1.41595e-14
12.2556,2810,1.4003e-14
12.2556,2820,1.38494e-14
12.2556,2830,1.37321e-14
12.2556,2840,1.36009e-14
12.2556,2850,1.35081e-14
12.2556,2860,1.34543e-14
12.2556,2870,1.34044e-14
12.2556,2880,1.33359e-14
12.2556,2890,1.32576e-14
12.2556,2900,1.32007e-14
12.2556,2910,1.31605e-14
12.2556,2920,1.31248e-14
12.2556,2930,1.30725e-14
12.2556,2940,1.29823e-14
12.2556,2950,1.28574e-14
12.2556,2960,1.27038e-14
12.2556,2970,1.25415e-14
12.2556,2980,1.23825e-14
12.2556,2990,1.22447e-14
12.2556,3000,1.21379e-14
12.2556,3010,1.20984e-14
12.2556,3020,1.2074e-14
12.2556,3030,1.22144e-14
12.2556,3040,1.2291e-14
12.2556,3050,1.22774e-14
12.2556,3060,1.23079e-14
12.2556,3070,1.23145e-14
12.2556,3080,1.23036e-14
12.2556,3090,1.22131e-14
12.2556,3100,1.20681e-14
12.2556,3110,1.18838e-14
12.2556,3120,1.16379e-14
12.2556,3130,1.14029e-14
12.2556,3140,1.11925e-14
12.2556,3150,1.09808e-14
12.2556,3160,1.07852e-14
12.2556,3170,1.06174e-14
12.2556,3180,1.04611e-14
12.2556,3190,1.03243e-14
12.2556,3200,1.02036e-14
12.2556,3210,1.00889e-14
12.2556,3220,9.95812e-15
12.2556,3230,9.829e-15
12.2556,3240,9.70123e-15
12.2556,3250,9.57947e-15
12.2556,3260,9.46377e-15
12.2556,3270,9.3556e-15
12.2556,3280,9.25485e-15
12.2556,3290,9.16112e-15
12.2556,3300,9.07184e-15
12.2556,3310,8.98655e-15
12.2556,3320,8.89926e-15
12.2556,3330,8.81194e-15
12.2556,3340,8.72658e-15
12.2556,3350,8.6452e-15
12.2556,3360,8.56366e-15
12.2556,3370,8.48203e-15
12.2556,3380,8.4052e-15
12.2556,3390,8.33314e-15
12.2556,3400,8.26167e-15
12.2556,3410,8.1912e-15
12.2556,3420,8.12665e-15
12.2556,3430,8.06942e-15
12.2556,3440,8.00202e-15
12.2556,3450,7.94823e-15
12.2556,3460,7.89745e-15
12.2556,3470,7.832e-15
12.2556,3480,7.76382e-15
12.2556,3490,7.71824e-15
12.2556,3500,7.64854e-15
12.2556,3510,7.58152e-15
12.2556,3520,7.52544e-15
12.2556,3530,7.46243e-15
12.2556,3540,7.39611e-15
12.2556,3550,7.31257e-15
12.2556,3560,7.28418e-15
12.2556,3570,7.23222e-15
12.2556,3580,7.16164e-15
12.2556,3590,7.1667e-15
12.2556,3600,7.17143e-15
12.2556,3610,7.18283e-15
12.2556,3620,7.19429e-15
12.2556,3630,7.15107e-15
12.2556,3640,7.06931e-15
12.2556,3650,7.05139e-15
12.2556,3660,6.91868e-15
12.2556,3670,6.88253e-15
12.2556,3680,6.80989e-15
12.2556,3690,6.71483e-15
12.2556,3700,6.65736e-15
12.2556,3710,6.55297e-15
12.2556,3720,6.50179e-15
12.2556,3730,6.46434e-15
12.2556,3740,6.4103e-15
12.2556,3750,6.3792e-15
12.2556,3760,6.31205e-15
12.2556,3770,6.22839e-15
12.2556,3780,6.1659e-15
12.2556,3790,6.08798e-15
12.2556,3800,6.047e-15
12.2556,3810,6.03776e-15
12.2556,3820,5.97044e-15
12.2556,3830,5.94788e-15
12.2556,3840,5.87975e-15
12.2556,3850,5.82377e-15
12.2556,3860,5.71562e-15
12.2556,3870,5.70267e-15
12.2556,3880,5.65147e-15
12.2556,3890,5.5731e-15
12.2556,3900,5.45672e-15
12.2556,3910,5.4266e-15
12.2556,3920,5.30697e-15
12.2556,3930,5.20668e-15
12.2556,3940,5.42467e-15
12.2556,3950,5.40805e-15
12.2556,3960,5.29076e-15
12.2556,3970,5.42913e-15
12.2556,3980,5.34523e-15
12.2556,3990,5.26126e-15
12.2556,4000,5.25601e-15
12.2556,4010,5.2027e-15
12.2556,4020,5.14207e-15
12.2556,4030,5.09199e-15
12.2556,4040,5.04442e-15
12.2556,4050,4.98398e-15
12.2556,4060,4.92468e-15
12.2556,4070,4.85896e-15
12.2556,4080,4.79294e-15
12.2556,4090,4.72965e-15
12.2556,4100,4.6645e-15
12.2556,4110,4.60286e-15
12.2556,4120,4.54865e-15
12.2556,4130,4.50783e-15
12.2556,4140,4.44876e-15
12.2556,4150,4.50239e-15
12.2556,4160,4.43454e-15
12.2556,4170,4.54718e-15
12.2556,4180,4.55164e-15
12.2556,4190,4.52342e-15
12.2556,4200,4.52498e-15
12.2556,4210,4.50311e-15
12.2556,4220,4.46361e-15
12.2556,4230,4.43359e-15
12.2556,4240,4.38986e-15
12.2556,4250,4.33967e-15
12.2556,4260,4.28904e-15
12.2556,4270,4.22442e-15
12.2556,4280,4.16449e-15
12.2556,4290,4.15339e-15
12.2556,4300,4.0981e-15
12.2556,4310,4.09871e-15
12.2556,4320,4.02492e-15
12.2556,4330,4.0022e-15
12.2556,4340,3.95565e-15
12.2556,4350,6.22448e-15
12.2556,4360,6.18781e-15
12.2556,4370,6.15695e-15
12.2556,4380,6.1175e-15
12.2556,4390,6.08539e-15
12.2556,4400,6.05632e-15
12.2556,4410,6.03761e-15
12.2556,4420,6.03749e-15
12.2556,4430,6.05323e-15
12.2556,4440,6.10624e-15
12.2556,4450,6.21761e-15
12.2556,4460,6.31747e-15
12.2556,4470,6.49386e-15
12.2556,4480,6.67004e-15
12.2556,4490,6.92351e-15
12.2556,4500,7.05171e-15
12.2556,4510,7.23132e-15
12.2556,4520,7.15084e-15
12.2556,4530,7.28598e-15
12.2556,4540,7.08908e-15
12.2556,4550,7.07551e-15
12.2556,4560,6.94988e-15
12.2556,4570,6.82739e-15
12.2556,4580,6.75301e-15
12.2556,4590,6.61998e-15
12.2556,4600,6.50883e-15
12.2556,4610,6.40737e-15
12.2556,4620,6.31629e-15
12.2556,4630,6.2477e-15
12.2556,4640,6.17171e-15
12.2556,4650,6.21099e-15
12.2556,4660,6.18694e-15
12.2556,4670,6.28501e-15
12.2556,4680,6.30291e-15
12.2556,4690,6.26805e-15
12.2556,4700,6.30337e-15
12.2556,4710,6.24378e-15
12.2556,4720,6.26441e-15
12.2556,4730,6.21438e-15
12.2556,4740,6.18084e-15
12.2556,4750,6.12876e-15
12.2556,4760,6.07866e-15
12.2556,4770,6.01604e-15
12.2556,4780,5.9574e-15
12.2556,4790,5.89553e-15
12.2556,4800,5.83923e-15
12.2556,4810,5.78009e-15
12.2556,4820,5.73972e-15
12.2556,4830,5.68333e-15
12.2556,4840,5.63555e-15
12.2556,4850,5.57823e-15
12.2556,4860,5.52595e-15
12.2556,4870,5.47224e-15
12.2556,4880,5.42061e-15
12.2556,4890,5.37097e-15
12.2556,4900,5.32691e-15
12.2556,4910,5.28512e-15
12.2556,4920,5.2492e-15
12.2556,4930,5.21533e-15
12.2556,4940,5.18462e-15
12.2556,4950,5.15592e-15
12.2556,4960,5.12951e-15
12.2556,4970,5.10415e-15
12.2556,4980,5.08118e-15
12.2556,4990,5.0592e-15
12.2556,5000,5.03922e-15
12.2556,5010,5.0199e-15
12.2556,5020,5.0025e-15
12.2556,5030,4.98534e-15
12.2556,5040,4.96983e-15
12.2556,5050,4.95494e-15
12.2556,5060,4.94191e-15
12.2556,5070,4.92743e-15
12.2556,5080,4.91552e-15
12.2556,5090,4.90227e-15
12.2556,5100,4.89062e-15
12.2556,5110,4.87956e-15
12.2556,5120,4.86624e-15
12.2556,5130,4.85407e-15
12.2556,5140,4.83968e-15
12.2556,5150,4.82684e-15
12.2556,5160,4.81247e-15
12.2556,5170,4.78978e-15
12.2556,5180,4.78652e-15
12.2556,5190,4.76813e-15
12.2556,5200,4.76121e-15
12.2556,5210,4.74719e-15
12.2556,5220,4.73341e-15
12.2556,5230,4.71918e-15
12.2556,5240,4.70398e-15
12.2556,5250,4.69014e-15
12.2556,5260,4.67441e-15
12.2556,5270,4.66067e-15
12.2556,5280,4.64523e-15
12.2556,5290,4.63134e-15
12.2556,5300,4.61659e-15
12.2556,5310,4.60232e-15
12.2556,5320,4.58929e-15
12.2556,5330,4.57696e-15
12.2556,5340,4.56665e-15
12.2556,5350,4.55761e-15
12.2556,5360,4.55054e-15
12.2556,5370,4.54259e-15
12.2556,5380,4.53364e-15
12.2556,5390,4.52378e-15
12.2556,5400,4.51181e-15
12.2556,5410,4.50133e-15
12.2556,5420,4.49026e-15
12.2556,5430,4.47917e-15
12.2556,5440,4.46678e-15
12.2556,5450,4.44941e-15
12.2556,5460,4.46184e-15
12.2556,5470,4.42272e-15
12.2556,5480,4.41751e-15
12.2556,5490,4.38466e-15
12.2556,5500,4.36839e-15
12.2556,5510,4.33856e-15
12.2556,5520,4.31366e-15
12.2556,5530,4.28558e-15
12.2556,5540,4.2568e-15
12.2556,5550,4.22893e-15
12.2556,5560,4.20175e-15
12.2556,5570,4.17315e-15
12.2556,5580,4.14937e-15
12.2556,5590,4.12235e-15
12.2556,5600,4.02861e-15
12.2556,5610,4.04501e-15
12.2556,5620,3.96704e-15
12.2556,5630,3.88145e-15
17.2806,1850,3.17803e-14
17.2806,1860,3.27767e-14
17.2806,1870,3.14941e-14
17.2806,1880,3.32922e-14
17.2806,1890,3.39238e-14
17.2806,1900,3.30196e-14
17.2806,1910,3.24659e-14
17.2806,1920,3.35629e-14
17.2806,1930,3.37718e-14
17.2806,1940,3.37952e-14
17.2806,1950,3.37254e-14
17.2806,1960,3.3283e-14
17.2806,1970,3.21945e-14
17.2806,1980,3.04406e-14
17.2806,1990,2.91136e-14
17.2806,2000,2.96339e-14
17.2806,2010,2.92587e-14
17.2806,2020,3.00596e-14
17.2806,2030,3.05277e-14
17.2806,2040,3.06549e-14
17.2806,2050,3.07243e-14
17.2806,2060,3.0415e-14
17.2806,2070,3.00462e-14
17.2806,2080,2.96515e-14
17.2806,2090,2.92042e-14
17.2806,2100,2.86876e-14
17.2806,2110,2.80904e-14
17.2806,2120,2.75051e-14
17.2806,2130,2.7085e-14
17.2806,2140,2.66735e-14
17.2806,2150,2.62693e-14
17.2806,2160,2.59413e-14
17.2806,2170,2.56025e-14
17.2806,2180,2.43847e-14
17.2806,2190,2.05282e-14
17.2806,2200,1.99941e-14
17.2806,2210,2.20868e-14
17.2806,2220,2.30427e-14
17.2806,2230,2.34524e-14
17.2806,2240,2.34857e-14
17.2806,2250,2.35189e-14
17.2806,2260,2.35677e-14
17.2806,2270,2.36256e-14
17.2806,2280,2.36207e-14
17.2806,2290,2.3548e-14
17.2806,2300,2.33098e-14
17.2806,2310,2.28188e-14
17.2806,2320,2.22037e-14
17.2806,2330,2.15448e-14
17.2806,2340,2.09647e-14
17.2806,2350,2.05696e-14
17.2806,2360,2.03733e-14
17.2806,2370,2.02942e-14
17.2806,2380,2.02625e-14
17.2806,2390,2.01828e-14
17.2806,2400,2.00632e-14
17.2806,2410,1.99999e-14
17.2806,2420,1.9882e-14
17.2806,2430,1.96273e-14
17.2806,2440,1.92873e-14
17.2806,2450,1.89338e-14
17.2806,2460,1.86132e-14
17.2806,2470,1.82955e-14
17.2806,2480,1.79953e-14
17.2806,2490,1.77213e-14
17.2806,2500,1.74611e-14
17.2806,2510,1.72335e-14
17.2806,2520,1.70563e-14
17.2806,2530,1.69038e-14
17.2806,2540,1.67698e-14
17.2806,2550,1.66655e-14
17.2806,2560,1.66466e-14
17.2806,2570,1.66244e-14
17.2806,2580,1.65481e-14
17.2806,2590,1.64677e-14
17.2806,2600,1.64337e-14
17.2806,2610,1.65009e-14
17.2806,2620,1.65674e-14
17.2806,2630,1.65703e-14
17.2806,2640,1.64196e-14
17.2806,2650,1.61658e-14
17.2806,2660,1.58808e-14
17.2806,2670,1.55673e-14
17.2806,2680,1.52429e-14
17.2806,2690,1.49197e-14
17.2806,2700,1.46077e-14
17.2806,2710,1.43132e-14
17.2806,2720,1.40624e-14
17.2806,2730,1.38259e-14
17.2806,2740,1.36042e-14
17.2806,2750,1.34007e-14
17.2806,2760,1.32134e-14
17.2806,2770,1.30444e-14
17.2806,2780,1.28959e-14
17.2806,2790,1.27658e-14
17.2806,2800,1.26371e-14
17.2806,2810,1.24974e-14
17.2806,2820,1.23603e-14
17.2806,2830,1.22556e-14
17.2806,2840,1.21385e-14
17.2806,2850,1.20556e-14
17.2806,2860,1.20077e-14
17.2806,2870,1.19631e-14
17.2806,2880,1.1902e-14
17.2806,2890,1.18321e-14
17.2806,2900,1.17814e-14
17.2806,2910,1.17455e-14
17.2806,2920,1.17136e-14
17.2806,2930,1.16669e-14
17.2806,2940,1.15864e-14
17.2806,2950,1.14749e-14
17.2806,2960,1.13379e-14
17.2806,2970,1.1193e-14
17.2806,2980,1.10511e-14
17.2806,2990,1.09281e-14
17.2806,3000,1.08329e-14
17.2806,3010,1.07976e-14
17.2806,3020,1.07758e-14
17.2806,3030,1.09011e-14
17.2806,3040,1.09695e-14
17.2806,3050,1.09573e-14
17.2806,3060,1.09845e-14
17.2806,3070,1.09905e-14
17.2806,3080,1.09807e-14
17.2806,3090,1.09e-14
17.2806,3100,1.07705e-14
17.2806,3110,1.0606e-14
17.2806,3120,1.03866e-14
17.2806,3130,1.01769e-14
17.2806,3140,9.98903e-15
17.2806,3150,9.8001e-15
17.2806,3160,9.62556e-15
17.2806,3170,9.47576e-15
17.2806,3180,9.33631e-15
17.2806,3190,9.21426e-15
17.2806,3200,9.10654e-15
17.2806,3210,9.00409e-15
17.2806,3220,8.88741e-15
17.2806,3230,8.77217e-15
17.2806,3240,8.65814e-15
17.2806,3250,8.54947e-15
17.2806,3260,8.44621e-15
17.2806,3270,8.34967e-15
17.2806,3280,8.25975e-15
17.2806,3290,8.1761e-15
17.2806,3300,8.09642e-15
17.2806,3310,8.0203e-15
17.2806,3320,7.9424e-15
17.2806,3330,7.86447e-15
17.2806,3340,7.78828e-15
17.2806,3350,7.71565e-15
17.2806,3360,7.64289e-15
17.2806,3370,7.57003e-15
17.2806,3380,7.50146e-15
17.2806,3390,7.43714e-15
17.2806,3400,7.37336e-15
17.2806,3410,7.31047e-15
17.2806,3420,7.25286e-15
17.2806,3430,7.20179e-15
17.2806,3440,7.14163e-15
17.2806,3450,7.09362e-15
17.2806,3460,7.0483e-15
17.2806,3470,6.98989e-15
17.2806,3480,6.92904e-15
17.2806,3490,6.88836e-15
17.2806,3500,6.82615e-15
17.2806,3510,6.76634e-15
17.2806,3520,6.7163e-15
17.2806,3530,6.66005e-15
17.2806,3540,6.60087e-15
17.2806,3550,6.52631e-15
17.2806,3560,6.50097e-15
17.2806,3570,6.4546e-15
17.2806,3580,6.39161e-15
17.2806,3590,6.39612e-15
17.2806,3600,6.40034e-15
17.2806,3610,6.41052e-15
17.2806,3620,6.42075e-15
17.2806,3630,6.38218e-15
17.2806,3640,6.30921e-15
17.2806,3650,6.29321e-15
17.2806,3660,6.17477e-15
17.2806,3670,6.14251e-15
17.2806,3680,6.07768e-15
17.2806,3690,5.99284e-15
17.2806,3700,5.94155e-15
17.2806,3710,5.84839e-15
17.2806,3720,5.80271e-15
17.2806,3730,5.76928e-15
17.2806,3740,5.72106e-15
17.2806,3750,5.6933e-15
17.2806,3760,5.63337e-15
17.2806,3770,5.5587e-15
17.2806,3780,5.50294e-15
17.2806,3790,5.43339e-15
17.2806,3800,5.39682e-15
17.2806,3810,5.38858e-15
17.2806,3820,5.32849e-15
17.2806,3830,5.30836e-15
17.2806,3840,5.24755e-15
17.2806,3850,5.19758e-15
17.2806,3860,5.10107e-15
17.2806,3870,5.08951e-15
17.2806,3880,5.04382e-15
17.2806,3890,4.97387e-15
17.2806,3900,4.87001e-15
17.2806,3910,4.84312e-15
17.2806,3920,4.73636e-15
17.2806,3930,4.64685e-15
17.2806,3940,4.84141e-15
17.2806,3950,4.82657e-15
17.2806,3960,4.72189e-15
17.2806,3970,4.84538e-15
17.2806,3980,4.7705e-15
17.2806,3990,4.69556e-15
17.2806,4000,4.69087e-15
17.2806,4010,4.6433e-15
17.2806,4020,4.58919e-15
17.2806,4030,4.54449e-15
17.2806,4040,4.50204e-15
17.2806,4050,4.44809e-15
17.2806,4060,4.39517e-15
17.2806,4070,4.33652e-15
17.2806,4080,4.2776e-15
17.2806,4090,4.22111e-15
17.2806,4100,4.16297e-15
17.2806,4110,4.10795e-15
17.2806,4120,4.05957e-15
17.2806,4130,4.02314e-15
17.2806,4140,3.97042e-15
17.2806,4150,4.01829e-15
17.2806,4160,3.95773e-15
17.2806,4170,4.05826e-15
17.2806,4180,4.06224e-15
17.2806,4190,4.03706e-15
17.2806,4200,4.03845e-15
17.2806,4210,4.01893e-15
17.2806,4220,3.98368e-15
17.2806,4230,3.95689e-15
17.2806,4240,3.91786e-15
17.2806,4250,3.87306e-15
17.2806,4260,3.82788e-15
17.2806,4270,3.7702e-15
17.2806,4280,3.71672e-15
17.2806,4290,3.70681e-15
17.2806,4300,3.65747e-15
17.2806,4310,3.65801e-15
17.2806,4320,3.59215e-15
17.2806,4330,3.57188e-15
17.2806,4340,3.53033e-15
17.2806,4350,5.9033e-15
17.2806,4360,5.86857e-15
17.2806,4370,5.83934e-15
17.2806,4380,5.80197e-15
17.2806,4390,5.77156e-15
17.2806,4400,5.74403e-15
17.2806,4410,5.72632e-15
17.2806,4420,5.72624e-15
17.2806,4430,5.74121e-15
17.2806,4440,5.79153e-15
17.2806,4450,5.8972e-15
17.2806,4460,5.99196e-15
17.2806,4470,6.15929e-15
17.2806,4480,6.32644e-15
17.2806,4490,6.5669e-15
17.2806,4500,6.68854e-15
17.2806,4510,6.85894e-15
17.2806,4520,6.78265e-15
17.2806,4530,6.91087e-15
17.2806,4540,6.72416e-15
17.2806,4550,6.71133e-15
17.2806,4560,6.5922e-15
17.2806,4570,6.47605e-15
17.2806,4580,6.40554e-15
17.2806,4590,6.27939e-15
17.2806,4600,6.174e-15
17.2806,4610,6.0778e-15
17.2806,4620,5.99144e-15
17.2806,4630,5.92641e-15
17.2806,4640,5.85436e-15
17.2806,4650,5.89165e-15
17.2806,4660,5.86887e-15
17.2806,4670,5.96193e-15
17.2806,4680,5.97895e-15
17.2806,4690,5.94592e-15
17.2806,4700,5.97945e-15
17.2806,4710,5.92296e-15
17.2806,4720,5.94256e-15
17.2806,4730,5.89514e-15
17.2806,4740,5.86335e-15
17.2806,4750,5.81397e-15
17.2806,4760,5.76648e-15
17.2806,4770,5.70711e-15
17.2806,4780,5.6515e-15
17.2806,4790,5.59284e-15
17.2806,4800,5.53946e-15
17.2806,4810,5.48338e-15
17.2806,4820,5.44511e-15
17.2806,4830,5.39165e-15
17.2806,4840,5.34635e-15
17.2806,4850,5.292e-15
17.2806,4860,5.24242e-15
17.2806,4870,5.19149e-15
17.2806,4880,5.14254e-15
17.2806,4890,5.09547e-15
17.2806,4900,5.05369e-15
17.2806,4910,5.01407e-15
17.2806,4920,4.98002e-15
17.2806,4930,4.9479e-15
17.2806,4940,4.91879e-15
17.2806,4950,4.89159e-15
17.2806,4960,4.86656e-15
17.2806,4970,4.84252e-15
17.2806,4980,4.82074e-15
17.2806,4990,4.79992e-15
17.2806,5000,4.78098e-15
17.2806,5010,4.76267e-15
17.2806,5020,4.74618e-15
17.2806,5030,4.72993e-15
17.2806,5040,4.71523e-15
17.2806,5050,4.70113e-15
17.2806,5060,4.68878e-15
17.2806,5070,4.67506e-15
17.2806,5080,4.66378e-15
17.2806,5090,4.65123e-15
17.2806,5100,4.6402e-15
17.2806,5110,4.62972e-15
17.2806,5120,4.6171e-15
17.2806,5130,4.60557e-15
17.2806,5140,4.59194e-15
17.2806,5150,4.57978e-15
17.2806,5160,4.56616e-15
17.2806,5170,4.54465e-15
17.2806,5180,4.54157e-15
17.2806,5190,4.52414e-15
17.2806,5200,4.51759e-15
17.2806,5210,4.50431e-15
17.2806,5220,4.49125e-15
17.2806,5230,4.47777e-15
17.2806,5240,4.46336e-15
17.2806,5250,4.45025e-15
17.2806,5260,4.43534e-15
17.2806,5270,4.42232e-15
17.2806,5280,4.40768e-15
17.2806,5290,4.39452e-15
17.2806,5300,4.38054e-15
17.2806,5310,4.36702e-15
17.2806,5320,4.35466e-15
17.2806,5330,4.34298e-15
17.2806,5340,4.33322e-15
17.2806,5350,4.32466e-15
17.2806,5360,4.31796e-15
17.2806,5370,4.31043e-15
17.2806,5380,4.30196e-15
17.2806,5390,4.29261e-15
17.2806,5400,4.28127e-15
17.2806,5410,4.27134e-15
17.2806,5420,4.26086e-15
17.2806,5430,4.25034e-15
17.2806,5440,4.23858e-15
17.2806,5450,4.22209e-15
17.2806,5460,4.2339e-15
17.2806,5470,4.19677e-15
17.2806,5480,4.19183e-15
17.2806,5490,4.16065e-15
17.2806,5500,4.14521e-15
17.2806,5510,4.11691e-15
17.2806,5520,4.09328e-15
17.2806,5530,4.06664e-15
17.2806,5540,4.03933e-15
17.2806,5550,4.01288e-15
17.2806,5560,3.98709e-15
17.2806,5570,3.95995e-15
17.2806,5580,3.93739e-15
17.2806,5590,3.91174e-15
17.2806,5600,3.8228e-15
17.2806,5610,3.83836e-15
17.2806,5620,3.76437e-15
17.2806,5630,3.68315e-15
