MJD,Wavelength,Luminosity
1.00945,1850,1.38437e+36
1.00945,1860,1.39806e+36
1.00945,1870,1.70454e+36
1.00945,1880,1.82057e+36
1.00945,1890,1.83723e+36
1.00945,1900,1.82063e+36
1.00945,1910,2.00769e+36
1.00945,1920,1.65844e+36
1.00945,1930,1.54945e+36
1.00945,1940,1.5841e+36
1.00945,1950,1.50692e+36
1.00945,1960,1.51997e+36
1.00945,1970,1.53208e+36
1.00945,1980,1.78952e+36
1.00945,1990,1.94023e+36
1.00945,2000,2.09311e+36
1.00945,2010,2.14964e+36
1.00945,2020,2.32714e+36
1.00945,2030,2.26351e+36
1.00945,2040,2.0048e+36
1.00945,2050,2.00816e+36
1.00945,2060,1.91245e+36
1.00945,2070,1.66952e+36
1.00945,2080,1.53959e+36
1.00945,2090,1.34118e+36
1.00945,2100,1.34059e+36
1.00945,2110,1.18589e+36
1.00945,2120,1.17093e+36
1.00945,2130,1.09084e+36
1.00945,2140,1.03233e+36
1.00945,2150,9.9674e+35
1.00945,2160,9.41295e+35
1.00945,2170,9.05597e+35
1.00945,2180,8.44344e+35
1.00945,2190,8.16216e+35
1.00945,2200,7.19819e+35
1.00945,2210,7.197e+35
1.00945,2220,7.24648e+35
1.00945,2230,7.1071e+35
1.00945,2240,6.71633e+35
1.00945,2250,6.66447e+35
1.00945,2260,7.32386e+35
1.00945,2270,7.60336e+35
1.00945,2280,8.78849e+35
1.00945,2290,9.31325e+35
1.00945,2300,1.11118e+36
1.00945,2310,1.27367e+36
1.00945,2320,1.53192e+36
1.00945,2330,1.76636e+36
1.00945,2340,1.86347e+36
1.00945,2350,2.0066e+36
1.00945,2360,2.0644e+36
1.00945,2370,2.18894e+36
1.00945,2380,2.22331e+36
1.00945,2390,2.22486e+36
1.00945,2400,2.19127e+36
1.00945,2410,2.03318e+36
1.00945,2420,1.8983e+36
1.00945,2430,1.7671e+36
1.00945,2440,1.66301e+36
1.00945,2450,1.60772e+36
1.00945,2460,1.56212e+36
1.00945,2470,1.53745e+36
1.00945,2480,1.62412e+36
1.00945,2490,1.8329e+36
1.00945,2500,1.95937e+36
1.00945,2510,2.13107e+36
1.00945,2520,2.56812e+36
1.00945,2530,3.27881e+36
1.00945,2540,3.6496e+36
1.00945,2550,3.82175e+36
1.00945,2560,3.93693e+36
1.00945,2570,3.85496e+36
1.00945,2580,3.34376e+36
1.00945,2590,3.15156e+36
1.00945,2600,2.65894e+36
1.00945,2610,2.29588e+36
1.00945,2620,2.24878e+36
1.00945,2630,2.21916e+36
1.00945,2640,2.19603e+36
1.00945,2650,2.27532e+36
1.00945,2660,2.5029e+36
1.00945,2670,2.77336e+36
1.00945,2680,3.20658e+36
1.00945,2690,3.89258e+36
1.00945,2700,4.59079e+36
1.00945,2710,5.4924e+36
1.00945,2720,5.96184e+36
1.00945,2730,6.74814e+36
1.00945,2740,7.31807e+36
1.00945,2750,8.07053e+36
1.00945,2760,8.67232e+36
1.00945,2770,9.27055e+36
1.00945,2780,9.88482e+36
1.00945,2790,1.05718e+37
1.00945,2800,1.01419e+37
1.00945,2810,9.66647e+36
1.00945,2820,1.001e+37
1.00945,2830,1.03233e+37
1.00945,2840,1.12912e+37
1.00945,2850,1.20293e+37
1.00945,2860,1.28292e+37
1.00945,2870,1.40819e+37
1.00945,2880,1.57589e+37
1.00945,2890,1.84364e+37
1.00945,2900,2.21013e+37
1.00945,2910,2.43266e+37
1.00945,2920,2.59116e+37
1.00945,2930,2.79537e+37
1.00945,2940,2.90286e+37
1.00945,2950,3.00724e+37
1.00945,2960,3.09395e+37
1.00945,2970,3.10172e+37
1.00945,2980,3.07195e+37
1.00945,2990,2.79574e+37
1.00945,3000,2.50262e+37
1.00945,3010,2.33493e+37
1.00945,3020,2.26024e+37
1.00945,3030,2.28669e+37
1.00945,3040,2.37033e+37
1.00945,3050,2.35668e+37
1.00945,3060,2.29798e+37
1.00945,3070,2.28073e+37
1.00945,3080,2.25837e+37
1.00945,3090,2.21099e+37
1.00945,3100,2.28517e+37
1.00945,3110,2.46774e+37
1.00945,3120,2.68053e+37
1.00945,3130,2.99429e+37
1.00945,3140,3.1981e+37
1.00945,3150,3.35761e+37
1.00945,3160,3.50594e+37
1.00945,3170,3.56548e+37
1.00945,3180,3.64164e+37
1.00945,3190,3.70935e+37
1.00945,3200,3.64482e+37
1.00945,3210,3.50055e+37
1.00945,3220,3.3112e+37
1.00945,3230,3.06298e+37
1.00945,3240,2.82272e+37
1.00945,3250,2.62973e+37
1.00945,3260,2.51309e+37
1.00945,3270,2.43834e+37
1.00945,3280,2.41575e+37
1.00945,3290,2.38789e+37
1.00945,3300,2.41931e+37
1.00945,3310,2.44861e+37
1.00945,3320,2.60033e+37
1.00945,3330,2.81406e+37
1.00945,3340,3.14412e+37
1.00945,3350,3.33631e+37
1.00945,3360,3.30182e+37
1.00945,3370,3.2053e+37
1.00945,3380,3.11741e+37
1.00945,3390,3.18124e+37
1.00945,3400,3.32853e+37
1.00945,3410,3.42384e+37
1.00945,3420,3.49781e+37
1.00945,3430,3.53662e+37
1.00945,3440,3.62076e+37
1.00945,3450,3.79369e+37
1.00945,3460,3.95362e+37
1.00945,3470,3.97025e+37
1.00945,3480,3.93476e+37
1.00945,3490,3.96731e+37
1.00945,3500,4.13131e+37
1.00945,3510,4.37937e+37
1.00945,3520,4.597e+37
1.00945,3530,4.70363e+37
1.00945,3540,4.6928e+37
1.00945,3550,4.86866e+37
1.00945,3560,5.00485e+37
1.00945,3570,5.1091e+37
1.00945,3580,5.22349e+37
1.00945,3590,5.31908e+37
1.00945,3600,5.20865e+37
1.00945,3610,4.96937e+37
1.00945,3620,4.93598e+37
1.00945,3630,4.99733e+37
1.00945,3640,5.10717e+37
1.00945,3650,5.01687e+37
1.00945,3660,4.95636e+37
1.00945,3670,4.91992e+37
1.00945,3680,4.70959e+37
1.00945,3690,4.18531e+37
1.00945,3700,3.67069e+37
1.00945,3710,3.1837e+37
1.00945,3720,2.85358e+37
1.00945,3730,2.54602e+37
1.00945,3740,2.41587e+37
1.00945,3750,2.52166e+37
1.00945,3760,2.61135e+37
1.00945,3770,2.61246e+37
1.00945,3780,2.5659e+37
1.00945,3790,2.47492e+37
1.00945,3800,2.41312e+37
1.00945,3810,2.42585e+37
1.00945,3820,2.48749e+37
1.00945,3830,2.67744e+37
1.00945,3840,2.92866e+37
1.00945,3850,3.28512e+37
1.00945,3860,3.82577e+37
1.00945,3870,4.36478e+37
1.00945,3880,4.87232e+37
1.00945,3890,5.27277e+37
1.00945,3900,5.52407e+37
1.00945,3910,5.74429e+37
1.00945,3920,5.90395e+37
1.00945,3930,6.10508e+37
1.00945,3940,6.20033e+37
1.00945,3950,6.58724e+37
1.00945,3960,6.46973e+37
1.00945,3970,6.05659e+37
1.00945,3980,5.75107e+37
1.00945,3990,5.38162e+37
1.00945,4000,5.05398e+37
1.00945,4010,4.89131e+37
1.00945,4020,4.89593e+37
1.00945,4030,5.07392e+37
1.00945,4040,5.34169e+37
1.00945,4050,5.58151e+37
1.00945,4060,5.72227e+37
1.00945,4070,5.89856e+37
1.00945,4080,5.96654e+37
1.00945,4090,6.0511e+37
1.00945,4100,6.04848e+37
1.00945,4110,5.96461e+37
1.00945,4120,5.94962e+37
1.00945,4130,5.67631e+37
1.00945,4140,5.45564e+37
1.00945,4150,5.40027e+37
1.00945,4160,5.35693e+37
1.00945,4170,5.22878e+37
1.00945,4180,5.16011e+37
1.00945,4190,5.11444e+37
1.00945,4200,4.95691e+37
1.00945,4210,4.73581e+37
1.00945,4220,4.48854e+37
1.00945,4230,4.2942e+37
1.00945,4240,4.10667e+37
1.00945,4250,3.94621e+37
1.00945,4260,3.81728e+37
1.00945,4270,3.67191e+37
1.00945,4280,3.49084e+37
1.00945,4290,3.29226e+37
1.00945,4300,3.14085e+37
1.00945,4310,3.04773e+37
1.00945,4320,3.06664e+37
1.00945,4330,3.10456e+37
1.00945,4340,3.24462e+37
1.00945,4350,4.91062e+37
1.00945,4360,1.09638e+38
1.00945,4370,1.13848e+38
1.00945,4380,1.15114e+38
1.00945,4390,1.15369e+38
1.00945,4400,1.16987e+38
1.00945,4410,1.13947e+38
1.00945,4420,1.08211e+38
1.00945,4430,1.02652e+38
1.00945,4440,9.97323e+37
1.00945,4450,1.00637e+38
1.00945,4460,1.03979e+38
1.00945,4470,1.10392e+38
1.00945,4480,1.1632e+38
1.00945,4490,1.20416e+38
1.00945,4500,1.21166e+38
1.00945,4510,1.22333e+38
1.00945,4520,1.23038e+38
1.00945,4530,1.23415e+38
1.00945,4540,1.20814e+38
1.00945,4550,1.18038e+38
1.00945,4560,1.15995e+38
1.00945,4570,1.14766e+38
1.00945,4580,1.1321e+38
1.00945,4590,1.12025e+38
1.00945,4600,1.12218e+38
1.00945,4610,1.11908e+38
1.00945,4620,1.09867e+38
1.00945,4630,1.06671e+38
1.00945,4640,1.01274e+38
1.00945,4650,9.44971e+37
1.00945,4660,8.87389e+37
1.00945,4670,8.33785e+37
1.00945,4680,8.03936e+37
1.00945,4690,7.96168e+37
1.00945,4700,8.01922e+37
1.00945,4710,7.89839e+37
1.00945,4720,7.76723e+37
1.00945,4730,7.46245e+37
1.00945,4740,7.10883e+37
1.00945,4750,6.78733e+37
1.00945,4760,6.49145e+37
1.00945,4770,6.37543e+37
1.00945,4780,6.34346e+37
1.00945,4790,6.4297e+37
1.00945,4800,6.42268e+37
1.00945,4810,6.35029e+37
1.00945,4820,6.07203e+37
1.00945,4830,5.69877e+37
1.00945,4840,5.36678e+37
1.00945,4850,4.96838e+37
1.00945,4860,4.62345e+37
1.00945,4870,4.37894e+37
1.00945,4880,4.31352e+37
1.00945,4890,4.33079e+37
1.00945,4900,4.53447e+37
1.00945,4910,4.69352e+37
1.00945,4920,4.75759e+37
1.00945,4930,4.77587e+37
1.00945,4940,4.80634e+37
1.00945,4950,4.75645e+37
1.00945,4960,4.64101e+37
1.00945,4970,4.4365e+37
1.00945,4980,4.39998e+37
1.00945,4990,4.33964e+37
1.00945,5000,4.30791e+37
1.00945,5010,4.32457e+37
1.00945,5020,4.39727e+37
1.00945,5030,4.38929e+37
1.00945,5040,4.39464e+37
1.00945,5050,4.48406e+37
1.00945,5060,4.60824e+37
1.00945,5070,4.70064e+37
1.00945,5080,4.7448e+37
1.00945,5090,4.84768e+37
1.00945,5100,4.88828e+37
1.00945,5110,4.98179e+37
1.00945,5120,5.05918e+37
1.00945,5130,5.0239e+37
1.00945,5140,4.8886e+37
1.00945,5150,4.7094e+37
1.00945,5160,4.58482e+37
1.00945,5170,4.4696e+37
1.00945,5180,4.41027e+37
1.00945,5190,4.43474e+37
1.00945,5200,4.46692e+37
1.00945,5210,4.43049e+37
1.00945,5220,4.33071e+37
1.00945,5230,4.12045e+37
1.00945,5240,3.81555e+37
1.00945,5250,3.45252e+37
1.00945,5260,3.13061e+37
1.00945,5270,2.86923e+37
1.00945,5280,2.66144e+37
1.00945,5290,2.52654e+37
1.00945,5300,2.48195e+37
1.00945,5310,2.46813e+37
1.00945,5320,2.44661e+37
1.00945,5330,2.4605e+37
1.00945,5340,2.48377e+37
1.00945,5350,2.53008e+37
1.00945,5360,2.57459e+37
1.00945,5370,2.6049e+37
1.00945,5380,2.57978e+37
1.00945,5390,2.51754e+37
1.00945,5400,2.44433e+37
1.00945,5410,2.35378e+37
1.00945,5420,2.2551e+37
1.00945,5430,2.14259e+37
1.00945,5440,2.01513e+37
1.00945,5450,1.91144e+37
1.00945,5460,1.82438e+37
1.00945,5470,1.79931e+37
1.00945,5480,1.81688e+37
1.00945,5490,1.88391e+37
1.00945,5500,2.00174e+37
1.00945,5510,2.13323e+37
1.00945,5520,2.28714e+37
1.00945,5530,2.40882e+37
1.00945,5540,2.51328e+37
1.00945,5550,2.59794e+37
1.00945,5560,2.62965e+37
1.00945,5570,2.59048e+37
1.00945,5580,2.56168e+37
1.00945,5590,2.54695e+37
1.00945,5600,2.57783e+37
1.00945,5610,2.59574e+37
1.00945,5620,2.60246e+37
1.00945,5630,2.59952e+37
3.75523,1850,1.28967e+36
3.75523,1860,2.44437e+36
3.75523,1870,1.27877e+36
3.75523,1880,1.93643e+36
3.75523,1890,2.28391e+36
3.75523,1900,2.70117e+36
3.75523,1910,1.85526e+36
3.75523,1920,2.33898e+36
3.75523,1930,2.2084e+36
3.75523,1940,1.79844e+36
3.75523,1950,1.62083e+36
3.75523,1960,1.83051e+36
3.75523,1970,2.05579e+36
3.75523,1980,1.79696e+36
3.75523,1990,1.92877e+36
3.75523,2000,2.35253e+36
3.75523,2010,2.05282e+36
3.75523,2020,2.3615e+36
3.75523,2030,2.24643e+36
3.75523,2040,2.2814e+36
3.75523,2050,1.99665e+36
3.75523,2060,2.0719e+36
3.75523,2070,1.88385e+36
3.75523,2080,1.74882e+36
3.75523,2090,1.80782e+36
3.75523,2100,1.64409e+36
3.75523,2110,1.45088e+36
3.75523,2120,1.6246e+36
3.75523,2130,1.31095e+36
3.75523,2140,1.45344e+36
3.75523,2150,1.14412e+36
3.75523,2160,1.23979e+36
3.75523,2170,1.33003e+36
3.75523,2180,1.02559e+36
3.75523,2190,9.44353e+35
3.75523,2200,8.9724e+35
3.75523,2210,7.94861e+35
3.75523,2220,9.41493e+35
3.75523,2230,8.92198e+35
3.75523,2240,7.45943e+35
3.75523,2250,7.4671e+35
3.75523,2260,8.21871e+35
3.75523,2270,8.8308e+35
3.75523,2280,9.69151e+35
3.75523,2290,9.60383e+35
3.75523,2300,9.96205e+35
3.75523,2310,1.34649e+36
3.75523,2320,1.35997e+36
3.75523,2330,1.64389e+36
3.75523,2340,2.07322e+36
3.75523,2350,1.91679e+36
3.75523,2360,2.05815e+36
3.75523,2370,2.00791e+36
3.75523,2380,2.17045e+36
3.75523,2390,2.30612e+36
3.75523,2400,2.26683e+36
3.75523,2410,2.09491e+36
3.75523,2420,2.12859e+36
3.75523,2430,1.8069e+36
3.75523,2440,1.83298e+36
3.75523,2450,1.72128e+36
3.75523,2460,1.52086e+36
3.75523,2470,1.56883e+36
3.75523,2480,1.61789e+36
3.75523,2490,1.64327e+36
3.75523,2500,1.74875e+36
3.75523,2510,1.85496e+36
3.75523,2520,2.15399e+36
3.75523,2530,2.70354e+36
3.75523,2540,3.07254e+36
3.75523,2550,3.36926e+36
3.75523,2560,3.48234e+36
3.75523,2570,3.47768e+36
3.75523,2580,3.33448e+36
3.75523,2590,3.66947e+36
3.75523,2600,3.00896e+36
3.75523,2610,2.31972e+36
3.75523,2620,2.19946e+36
3.75523,2630,2.04308e+36
3.75523,2640,1.81748e+36
3.75523,2650,1.8992e+36
3.75523,2660,1.87811e+36
3.75523,2670,2.0535e+36
3.75523,2680,2.52392e+36
3.75523,2690,2.98199e+36
3.75523,2700,3.63754e+36
3.75523,2710,4.16006e+36
3.75523,2720,4.71737e+36
3.75523,2730,5.26025e+36
3.75523,2740,5.36252e+36
3.75523,2750,5.88342e+36
3.75523,2760,6.4012e+36
3.75523,2770,6.81152e+36
3.75523,2780,7.67565e+36
3.75523,2790,7.921e+36
3.75523,2800,7.64349e+36
3.75523,2810,7.39803e+36
3.75523,2820,7.3628e+36
3.75523,2830,7.56017e+36
3.75523,2840,8.10595e+36
3.75523,2850,8.28363e+36
3.75523,2860,8.6368e+36
3.75523,2870,9.56549e+36
3.75523,2880,1.08034e+37
3.75523,2890,1.25146e+37
3.75523,2900,1.48603e+37
3.75523,2910,1.66952e+37
3.75523,2920,1.80103e+37
3.75523,2930,1.92286e+37
3.75523,2940,1.99154e+37
3.75523,2950,2.03701e+37
3.75523,2960,2.04619e+37
3.75523,2970,2.03668e+37
3.75523,2980,1.9835e+37
3.75523,2990,1.81014e+37
3.75523,3000,1.67793e+37
3.75523,3010,1.56523e+37
3.75523,3020,1.52988e+37
3.75523,3030,1.52144e+37
3.75523,3040,1.54725e+37
3.75523,3050,1.53458e+37
3.75523,3060,1.46259e+37
3.75523,3070,1.41076e+37
3.75523,3080,1.40887e+37
3.75523,3090,1.39737e+37
3.75523,3100,1.41871e+37
3.75523,3110,1.53336e+37
3.75523,3120,1.62763e+37
3.75523,3130,1.74522e+37
3.75523,3140,1.86212e+37
3.75523,3150,2.08371e+37
3.75523,3160,2.16645e+37
3.75523,3170,2.37557e+37
3.75523,3180,2.51121e+37
3.75523,3190,2.54715e+37
3.75523,3200,2.53364e+37
3.75523,3210,2.45556e+37
3.75523,3220,2.27708e+37
3.75523,3230,2.08953e+37
3.75523,3240,1.90182e+37
3.75523,3250,1.77564e+37
3.75523,3260,1.70407e+37
3.75523,3270,1.64067e+37
3.75523,3280,1.59373e+37
3.75523,3290,1.61258e+37
3.75523,3300,1.58856e+37
3.75523,3310,1.59733e+37
3.75523,3320,1.69373e+37
3.75523,3330,1.79382e+37
3.75523,3340,1.89887e+37
3.75523,3350,2.015e+37
3.75523,3360,2.0487e+37
3.75523,3370,1.98667e+37
3.75523,3380,1.96914e+37
3.75523,3390,2.02461e+37
3.75523,3400,2.15076e+37
3.75523,3410,2.2803e+37
3.75523,3420,2.28524e+37
3.75523,3430,2.31362e+37
3.75523,3440,2.32117e+37
3.75523,3450,2.42618e+37
3.75523,3460,2.55483e+37
3.75523,3470,2.57583e+37
3.75523,3480,2.59712e+37
3.75523,3490,2.7096e+37
3.75523,3500,2.92605e+37
3.75523,3510,3.19936e+37
3.75523,3520,3.51677e+37
3.75523,3530,3.74825e+37
3.75523,3540,3.83546e+37
3.75523,3550,4.03859e+37
3.75523,3560,4.23754e+37
3.75523,3570,4.36171e+37
3.75523,3580,4.52991e+37
3.75523,3590,4.56417e+37
3.75523,3600,4.50114e+37
3.75523,3610,4.3369e+37
3.75523,3620,4.1906e+37
3.75523,3630,4.25748e+37
3.75523,3640,4.35121e+37
3.75523,3650,4.5258e+37
3.75523,3660,4.59436e+37
3.75523,3670,4.65972e+37
3.75523,3680,4.63366e+37
3.75523,3690,4.31837e+37
3.75523,3700,3.77666e+37
3.75523,3710,3.27345e+37
3.75523,3720,2.96524e+37
3.75523,3730,2.59024e+37
3.75523,3740,2.42216e+37
3.75523,3750,2.36309e+37
3.75523,3760,2.35756e+37
3.75523,3770,2.29074e+37
3.75523,3780,2.2512e+37
3.75523,3790,2.17113e+37
3.75523,3800,2.10885e+37
3.75523,3810,2.07265e+37
3.75523,3820,2.1827e+37
3.75523,3830,2.34101e+37
3.75523,3840,2.58944e+37
3.75523,3850,2.93352e+37
3.75523,3860,3.31807e+37
3.75523,3870,3.84214e+37
3.75523,3880,4.46083e+37
3.75523,3890,4.99669e+37
3.75523,3900,5.34867e+37
3.75523,3910,5.53287e+37
3.75523,3920,5.65424e+37
3.75523,3930,5.82835e+37
3.75523,3940,5.7577e+37
3.75523,3950,6.13878e+37
3.75523,3960,6.10904e+37
3.75523,3970,5.80347e+37
3.75523,3980,5.43684e+37
3.75523,3990,5.03592e+37
3.75523,4000,4.63389e+37
3.75523,4010,4.45036e+37
3.75523,4020,4.36276e+37
3.75523,4030,4.58022e+37
3.75523,4040,4.82428e+37
3.75523,4050,5.03795e+37
3.75523,4060,5.27445e+37
3.75523,4070,5.40255e+37
3.75523,4080,5.5305e+37
3.75523,4090,5.62441e+37
3.75523,4100,5.61407e+37
3.75523,4110,5.5541e+37
3.75523,4120,5.46336e+37
3.75523,4130,5.365e+37
3.75523,4140,5.25174e+37
3.75523,4150,5.09401e+37
3.75523,4160,5.0285e+37
3.75523,4170,5.04636e+37
3.75523,4180,5.08421e+37
3.75523,4190,5.15635e+37
3.75523,4200,5.13488e+37
3.75523,4210,4.85394e+37
3.75523,4220,4.65491e+37
3.75523,4230,4.45384e+37
3.75523,4240,4.24917e+37
3.75523,4250,4.0381e+37
3.75523,4260,3.93048e+37
3.75523,4270,3.80185e+37
3.75523,4280,3.64472e+37
3.75523,4290,3.48668e+37
3.75523,4300,3.27151e+37
3.75523,4310,3.08691e+37
3.75523,4320,3.00361e+37
3.75523,4330,2.95971e+37
3.75523,4340,3.03296e+37
3.75523,4350,3.46305e+37
3.75523,4360,4.7095e+37
3.75523,4370,4.74859e+37
3.75523,4380,4.77394e+37
3.75523,4390,4.75505e+37
3.75523,4400,4.76196e+37
3.75523,4410,4.87742e+37
3.75523,4420,4.88654e+37
3.75523,4430,4.79448e+37
3.75523,4440,4.70852e+37
3.75523,4450,4.65992e+37
3.75523,4460,4.86089e+37
3.75523,4470,5.27495e+37
3.75523,4480,5.49769e+37
3.75523,4490,5.72094e+37
3.75523,4500,6.03858e+37
3.75523,4510,6.12072e+37
3.75523,4520,6.17118e+37
3.75523,4530,6.19023e+37
3.75523,4540,6.23199e+37
3.75523,4550,6.13947e+37
3.75523,4560,6.03057e+37
3.75523,4570,5.90658e+37
3.75523,4580,5.81079e+37
3.75523,4590,5.79624e+37
3.75523,4600,5.89089e+37
3.75523,4610,5.93201e+37
3.75523,4620,5.95111e+37
3.75523,4630,5.843e+37
3.75523,4640,5.59353e+37
3.75523,4650,5.36722e+37
3.75523,4660,5.038e+37
3.75523,4670,4.65343e+37
3.75523,4680,4.41049e+37
3.75523,4690,4.32868e+37
3.75523,4700,4.34564e+37
3.75523,4710,4.28649e+37
3.75523,4720,4.19932e+37
3.75523,4730,4.01843e+37
3.75523,4740,3.8687e+37
3.75523,4750,3.78374e+37
3.75523,4760,3.64249e+37
3.75523,4770,3.48515e+37
3.75523,4780,3.40242e+37
3.75523,4790,3.44711e+37
3.75523,4800,3.5349e+37
3.75523,4810,3.49796e+37
3.75523,4820,3.40615e+37
3.75523,4830,3.28054e+37
3.75523,4840,3.15154e+37
3.75523,4850,2.98014e+37
3.75523,4860,2.78552e+37
3.75523,4870,2.66056e+37
3.75523,4880,2.61944e+37
3.75523,4890,2.66574e+37
3.75523,4900,2.79683e+37
3.75523,4910,2.99352e+37
3.75523,4920,3.18715e+37
3.75523,4930,3.31548e+37
3.75523,4940,3.3499e+37
3.75523,4950,3.28556e+37
3.75523,4960,3.17004e+37
3.75523,4970,3.03156e+37
3.75523,4980,2.98933e+37
3.75523,4990,2.92422e+37
3.75523,5000,2.85902e+37
3.75523,5010,2.83951e+37
3.75523,5020,2.88652e+37
3.75523,5030,2.95955e+37
3.75523,5040,3.03239e+37
3.75523,5050,3.0579e+37
3.75523,5060,3.10267e+37
3.75523,5070,3.24478e+37
3.75523,5080,3.3749e+37
3.75523,5090,3.53463e+37
3.75523,5100,3.65945e+37
3.75523,5110,3.73522e+37
3.75523,5120,3.84857e+37
3.75523,5130,3.93113e+37
3.75523,5140,3.95234e+37
3.75523,5150,3.90354e+37
3.75523,5160,3.80715e+37
3.75523,5170,3.68895e+37
3.75523,5180,3.66124e+37
3.75523,5190,3.64031e+37
3.75523,5200,3.67233e+37
3.75523,5210,3.75479e+37
3.75523,5220,3.80991e+37
3.75523,5230,3.75357e+37
3.75523,5240,3.59666e+37
3.75523,5250,3.35066e+37
3.75523,5260,3.0574e+37
3.75523,5270,2.80582e+37
3.75523,5280,2.58689e+37
3.75523,5290,2.40483e+37
3.75523,5300,2.25649e+37
3.75523,5310,2.26625e+37
3.75523,5320,2.32462e+37
3.75523,5330,2.38365e+37
3.75523,5340,2.39373e+37
3.75523,5350,2.44681e+37
3.75523,5360,2.48333e+37
3.75523,5370,2.57386e+37
3.75523,5380,2.62229e+37
3.75523,5390,2.64024e+37
3.75523,5400,2.61015e+37
3.75523,5410,2.5561e+37
3.75523,5420,2.50183e+37
3.75523,5430,2.39546e+37
3.75523,5440,2.29448e+37
3.75523,5450,2.17092e+37
3.75523,5460,2.04182e+37
3.75523,5470,1.9267e+37
3.75523,5480,1.87227e+37
3.75523,5490,1.8861e+37
3.75523,5500,1.95219e+37
3.75523,5510,2.11957e+37
3.75523,5520,2.31182e+37
3.75523,5530,2.47392e+37
3.75523,5540,2.62081e+37
3.75523,5550,2.75017e+37
3.75523,5560,2.8756e+37
3.75523,5570,2.95526e+37
3.75523,5580,2.96554e+37
3.75523,5590,2.95255e+37
3.75523,5600,2.97207e+37
3.75523,5610,2.9979e+37
3.75523,5620,3.00148e+37
3.75523,5630,3.01385e+37
4.36002,1850,1.27627e+36
4.36002,1860,2.41898e+36
4.36002,1870,1.26548e+36
4.36002,1880,1.9163e+36
4.36002,1890,2.26018e+36
4.36002,1900,2.6731e+36
4.36002,1910,1.83598e+36
4.36002,1920,2.31467e+36
4.36002,1930,2.18546e+36
4.36002,1940,1.77976e+36
4.36002,1950,1.60399e+36
4.36002,1960,1.81149e+36
4.36002,1970,2.03443e+36
4.36002,1980,1.77829e+36
4.36002,1990,1.90872e+36
4.36002,2000,2.32809e+36
4.36002,2010,2.03149e+36
4.36002,2020,2.33697e+36
4.36002,2030,2.22309e+36
4.36002,2040,2.25769e+36
4.36002,2050,1.9759e+36
4.36002,2060,2.05037e+36
4.36002,2070,1.86428e+36
4.36002,2080,1.73065e+36
4.36002,2090,1.78903e+36
4.36002,2100,1.627e+36
4.36002,2110,1.43581e+36
4.36002,2120,1.60772e+36
4.36002,2130,1.29733e+36
4.36002,2140,1.43834e+36
4.36002,2150,1.13223e+36
4.36002,2160,1.22691e+36
4.36002,2170,1.31622e+36
4.36002,2180,1.01493e+36
4.36002,2190,9.34541e+35
4.36002,2200,8.87919e+35
4.36002,2210,7.86604e+35
4.36002,2220,9.31711e+35
4.36002,2230,8.82926e+35
4.36002,2240,7.3819e+35
4.36002,2250,7.38952e+35
4.36002,2260,8.13331e+35
4.36002,2270,8.73902e+35
4.36002,2280,9.59082e+35
4.36002,2290,9.50404e+35
4.36002,2300,9.85854e+35
4.36002,2310,1.3325e+36
4.36002,2320,1.34584e+36
4.36002,2330,1.62681e+36
4.36002,2340,2.05168e+36
4.36002,2350,1.89687e+36
4.36002,2360,2.03676e+36
4.36002,2370,1.98705e+36
4.36002,2380,2.1479e+36
4.36002,2390,2.28216e+36
4.36002,2400,2.24327e+36
4.36002,2410,2.07314e+36
4.36002,2420,2.10647e+36
4.36002,2430,1.78813e+36
4.36002,2440,1.81394e+36
4.36002,2450,1.7034e+36
4.36002,2460,1.50506e+36
4.36002,2470,1.55253e+36
4.36002,2480,1.60108e+36
4.36002,2490,1.6262e+36
4.36002,2500,1.73058e+36
4.36002,2510,1.83569e+36
4.36002,2520,2.13162e+36
4.36002,2530,2.67545e+36
4.36002,2540,3.04062e+36
4.36002,2550,3.33425e+36
4.36002,2560,3.44616e+36
4.36002,2570,3.44155e+36
4.36002,2580,3.29983e+36
4.36002,2590,3.63134e+36
4.36002,2600,2.9777e+36
4.36002,2610,2.29562e+36
4.36002,2620,2.17661e+36
4.36002,2630,2.02185e+36
4.36002,2640,1.7986e+36
4.36002,2650,1.87947e+36
4.36002,2660,1.85859e+36
4.36002,2670,2.03216e+36
4.36002,2680,2.4977e+36
4.36002,2690,2.951e+36
4.36002,2700,3.59974e+36
4.36002,2710,4.11684e+36
4.36002,2720,4.66836e+36
4.36002,2730,5.20558e+36
4.36002,2740,5.30681e+36
4.36002,2750,5.82232e+36
4.36002,2760,6.33466e+36
4.36002,2770,6.74077e+36
4.36002,2780,7.59589e+36
4.36002,2790,7.83872e+36
4.36002,2800,7.56407e+36
4.36002,2810,7.32114e+36
4.36002,2820,7.28631e+36
4.36002,2830,7.4816e+36
4.36002,2840,8.02174e+36
4.36002,2850,8.19758e+36
4.36002,2860,8.54704e+36
4.36002,2870,9.46614e+36
4.36002,2880,1.06911e+37
4.36002,2890,1.23846e+37
4.36002,2900,1.47059e+37
4.36002,2910,1.65217e+37
4.36002,2920,1.78231e+37
4.36002,2930,1.90289e+37
4.36002,2940,1.97085e+37
4.36002,2950,2.01585e+37
4.36002,2960,2.02493e+37
4.36002,2970,2.01552e+37
4.36002,2980,1.9629e+37
4.36002,2990,1.79133e+37
4.36002,3000,1.6605e+37
4.36002,3010,1.54896e+37
4.36002,3020,1.51399e+37
4.36002,3030,1.50564e+37
4.36002,3040,1.53117e+37
4.36002,3050,1.51864e+37
4.36002,3060,1.4474e+37
4.36002,3070,1.39611e+37
4.36002,3080,1.39423e+37
4.36002,3090,1.38285e+37
4.36002,3100,1.40397e+37
4.36002,3110,1.51743e+37
4.36002,3120,1.61072e+37
4.36002,3130,1.72708e+37
4.36002,3140,1.84277e+37
4.36002,3150,2.06205e+37
4.36002,3160,2.14394e+37
4.36002,3170,2.35088e+37
4.36002,3180,2.48512e+37
4.36002,3190,2.52068e+37
4.36002,3200,2.50731e+37
4.36002,3210,2.43005e+37
4.36002,3220,2.25342e+37
4.36002,3230,2.06782e+37
4.36002,3240,1.88206e+37
4.36002,3250,1.75719e+37
4.36002,3260,1.68636e+37
4.36002,3270,1.62362e+37
4.36002,3280,1.57717e+37
4.36002,3290,1.59582e+37
4.36002,3300,1.57205e+37
4.36002,3310,1.58073e+37
4.36002,3320,1.67614e+37
4.36002,3330,1.77518e+37
4.36002,3340,1.87914e+37
4.36002,3350,1.99406e+37
4.36002,3360,2.02742e+37
4.36002,3370,1.96602e+37
4.36002,3380,1.94868e+37
4.36002,3390,2.00357e+37
4.36002,3400,2.12841e+37
4.36002,3410,2.25661e+37
4.36002,3420,2.2615e+37
4.36002,3430,2.28958e+37
4.36002,3440,2.29705e+37
4.36002,3450,2.40098e+37
4.36002,3460,2.52828e+37
4.36002,3470,2.54907e+37
4.36002,3480,2.57013e+37
4.36002,3490,2.68144e+37
4.36002,3500,2.89565e+37
4.36002,3510,3.16611e+37
4.36002,3520,3.48023e+37
4.36002,3530,3.70931e+37
4.36002,3540,3.79561e+37
4.36002,3550,3.99663e+37
4.36002,3560,4.19351e+37
4.36002,3570,4.31639e+37
4.36002,3580,4.48284e+37
4.36002,3590,4.51675e+37
4.36002,3600,4.45437e+37
4.36002,3610,4.29184e+37
4.36002,3620,4.14706e+37
4.36002,3630,4.21324e+37
4.36002,3640,4.30599e+37
4.36002,3650,4.47877e+37
4.36002,3660,4.54662e+37
4.36002,3670,4.61131e+37
4.36002,3680,4.58551e+37
4.36002,3690,4.2735e+37
4.36002,3700,3.73742e+37
4.36002,3710,3.23944e+37
4.36002,3720,2.93443e+37
4.36002,3730,2.56332e+37
4.36002,3740,2.39699e+37
4.36002,3750,2.33854e+37
4.36002,3760,2.33307e+37
4.36002,3770,2.26695e+37
4.36002,3780,2.22781e+37
4.36002,3790,2.14857e+37
4.36002,3800,2.08694e+37
4.36002,3810,2.05111e+37
4.36002,3820,2.16002e+37
4.36002,3830,2.31669e+37
4.36002,3840,2.56253e+37
4.36002,3850,2.90303e+37
4.36002,3860,3.2836e+37
4.36002,3870,3.80222e+37
4.36002,3880,4.41448e+37
4.36002,3890,4.94475e+37
4.36002,3900,5.29306e+37
4.36002,3910,5.47538e+37
4.36002,3920,5.59546e+37
4.36002,3930,5.76779e+37
4.36002,3940,5.69788e+37
4.36002,3950,6.075e+37
4.36002,3960,6.04561e+37
4.36002,3970,5.7432e+37
4.36002,3980,5.38033e+37
4.36002,3990,4.98357e+37
4.36002,4000,4.58574e+37
4.36002,4010,4.40412e+37
4.36002,4020,4.31743e+37
4.36002,4030,4.53263e+37
4.36002,4040,4.77416e+37
4.36002,4050,4.9856e+37
4.36002,4060,5.21968e+37
4.36002,4070,5.34639e+37
4.36002,4080,5.47301e+37
4.36002,4090,5.56597e+37
4.36002,4100,5.55573e+37
4.36002,4110,5.49641e+37
4.36002,4120,5.40656e+37
4.36002,4130,5.30923e+37
4.36002,4140,5.19717e+37
4.36002,4150,5.04107e+37
4.36002,4160,4.97625e+37
4.36002,4170,4.99396e+37
4.36002,4180,5.03137e+37
4.36002,4190,5.10277e+37
4.36002,4200,5.08154e+37
4.36002,4210,4.80351e+37
4.36002,4220,4.60655e+37
4.36002,4230,4.40757e+37
4.36002,4240,4.20502e+37
4.36002,4250,3.99614e+37
4.36002,4260,3.88965e+37
4.36002,4270,3.76235e+37
4.36002,4280,3.60685e+37
4.36002,4290,3.45045e+37
4.36002,4300,3.23752e+37
4.36002,4310,3.05484e+37
4.36002,4320,2.9724e+37
4.36002,4330,2.92895e+37
4.36002,4340,3.00145e+37
4.36002,4350,3.333e+37
4.36002,4360,4.21513e+37
4.36002,4370,4.25336e+37
4.36002,4380,4.27937e+37
4.36002,4390,4.26572e+37
4.36002,4400,4.27524e+37
4.36002,4410,4.3823e+37
4.36002,4420,4.39391e+37
4.36002,4430,4.31451e+37
4.36002,4440,4.24049e+37
4.36002,4450,4.20002e+37
4.36002,4460,4.38463e+37
4.36002,4470,4.76189e+37
4.36002,4480,4.9669e+37
4.36002,4490,5.17278e+37
4.36002,4500,5.46435e+37
4.36002,4510,5.54312e+37
4.36002,4520,5.59333e+37
4.36002,4530,5.6152e+37
4.36002,4540,5.65766e+37
4.36002,4550,5.57819e+37
4.36002,4560,5.48374e+37
4.36002,4570,5.37544e+37
4.36002,4580,5.29261e+37
4.36002,4590,5.28375e+37
4.36002,4600,5.3745e+37
4.36002,4610,5.4165e+37
4.36002,4620,5.43852e+37
4.36002,4630,5.34417e+37
4.36002,4640,5.12038e+37
4.36002,4650,4.91734e+37
4.36002,4660,4.61962e+37
4.36002,4670,4.27064e+37
4.36002,4680,4.05116e+37
4.36002,4690,3.97944e+37
4.36002,4700,3.99847e+37
4.36002,4710,3.94747e+37
4.36002,4720,3.87055e+37
4.36002,4730,3.70705e+37
4.36002,4740,3.57205e+37
4.36002,4750,3.49668e+37
4.36002,4760,3.36911e+37
4.36002,4770,3.22643e+37
4.36002,4780,3.15265e+37
4.36002,4790,3.19691e+37
4.36002,4800,3.28126e+37
4.36002,4810,3.24989e+37
4.36002,4820,3.16745e+37
4.36002,4830,3.0534e+37
4.36002,4840,2.936e+37
4.36002,4850,2.77885e+37
4.36002,4860,2.59976e+37
4.36002,4870,2.48542e+37
4.36002,4880,2.44926e+37
4.36002,4890,2.49487e+37
4.36002,4900,2.61999e+37
4.36002,4910,2.80686e+37
4.36002,4920,2.99122e+37
4.36002,4930,3.11459e+37
4.36002,4940,3.14989e+37
4.36002,4950,3.09233e+37
4.36002,4960,2.98644e+37
4.36002,4970,2.8587e+37
4.36002,4980,2.82159e+37
4.36002,4990,2.7628e+37
4.36002,5000,2.70381e+37
4.36002,5010,2.68796e+37
4.36002,5020,2.73513e+37
4.36002,5030,2.80708e+37
4.36002,5040,2.87899e+37
4.36002,5050,2.90607e+37
4.36002,5060,2.95153e+37
4.36002,5070,3.08979e+37
4.36002,5080,3.2169e+37
4.36002,5090,3.37253e+37
4.36002,5100,3.49514e+37
4.36002,5110,3.57111e+37
4.36002,5120,3.68321e+37
4.36002,5130,3.76606e+37
4.36002,5140,3.79025e+37
4.36002,5150,3.74729e+37
4.36002,5160,3.65852e+37
4.36002,5170,3.54861e+37
4.36002,5180,3.52561e+37
4.36002,5190,3.50912e+37
4.36002,5200,3.5437e+37
4.36002,5210,3.62709e+37
4.36002,5220,3.68421e+37
4.36002,5230,3.63358e+37
4.36002,5240,3.48538e+37
4.36002,5250,3.25047e+37
4.36002,5260,2.96916e+37
4.36002,5270,2.72777e+37
4.36002,5280,2.51766e+37
4.36002,5290,2.34302e+37
4.36002,5300,2.20089e+37
4.36002,5310,2.21285e+37
4.36002,5320,2.27234e+37
4.36002,5330,2.33262e+37
4.36002,5340,2.34508e+37
4.36002,5350,2.39975e+37
4.36002,5360,2.4383e+37
4.36002,5370,2.53003e+37
4.36002,5380,2.58055e+37
4.36002,5390,2.60116e+37
4.36002,5400,2.57444e+37
4.36002,5410,2.52402e+37
4.36002,5420,2.47327e+37
4.36002,5430,2.36938e+37
4.36002,5440,2.26949e+37
4.36002,5450,2.14727e+37
4.36002,5460,2.01958e+37
4.36002,5470,1.90572e+37
4.36002,5480,1.85188e+37
4.36002,5490,1.86555e+37
4.36002,5500,1.93092e+37
4.36002,5510,2.09649e+37
4.36002,5520,2.28664e+37
4.36002,5530,2.44698e+37
4.36002,5540,2.59227e+37
4.36002,5550,2.72022e+37
4.36002,5560,2.84428e+37
4.36002,5570,2.92307e+37
4.36002,5580,2.93325e+37
4.36002,5590,2.92039e+37
4.36002,5600,2.93971e+37
4.36002,5610,2.96525e+37
4.36002,5620,2.96879e+37
4.36002,5630,2.98103e+37
5.69178,1850,1.20381e+36
5.69178,1860,2.28166e+36
5.69178,1870,1.19364e+36
5.69178,1880,1.80752e+36
5.69178,1890,2.13188e+36
5.69178,1900,2.52135e+36
5.69178,1910,1.73176e+36
5.69178,1920,2.18327e+36
5.69178,1930,2.06139e+36
5.69178,1940,1.67872e+36
5.69178,1950,1.51293e+36
5.69178,1960,1.70865e+36
5.69178,1970,1.91894e+36
5.69178,1980,1.67734e+36
5.69178,1990,1.80037e+36
5.69178,2000,2.19593e+36
5.69178,2010,1.91617e+36
5.69178,2020,2.2043e+36
5.69178,2030,2.09689e+36
5.69178,2040,2.12953e+36
5.69178,2050,1.86374e+36
5.69178,2060,1.93397e+36
5.69178,2070,1.75845e+36
5.69178,2080,1.63241e+36
5.69178,2090,1.68748e+36
5.69178,2100,1.53464e+36
5.69178,2110,1.3543e+36
5.69178,2120,1.51646e+36
5.69178,2130,1.22368e+36
5.69178,2140,1.35668e+36
5.69178,2150,1.06796e+36
5.69178,2160,1.15726e+36
5.69178,2170,1.24149e+36
5.69178,2180,9.57316e+35
5.69178,2190,8.81492e+35
5.69178,2200,8.37511e+35
5.69178,2210,7.4195e+35
5.69178,2220,8.7882e+35
5.69178,2230,8.32806e+35
5.69178,2240,6.96282e+35
5.69178,2250,6.97005e+35
5.69178,2260,7.67159e+35
5.69178,2270,8.24291e+35
5.69178,2280,9.04637e+35
5.69178,2290,8.96454e+35
5.69178,2300,9.29886e+35
5.69178,2310,1.25686e+36
5.69178,2320,1.26944e+36
5.69178,2330,1.53446e+36
5.69178,2340,1.93521e+36
5.69178,2350,1.78919e+36
5.69178,2360,1.92114e+36
5.69178,2370,1.87425e+36
5.69178,2380,2.02597e+36
5.69178,2390,2.1526e+36
5.69178,2400,2.11593e+36
5.69178,2410,1.95545e+36
5.69178,2420,1.98689e+36
5.69178,2430,1.68662e+36
5.69178,2440,1.71097e+36
5.69178,2450,1.6067e+36
5.69178,2460,1.41962e+36
5.69178,2470,1.4644e+36
5.69178,2480,1.51019e+36
5.69178,2490,1.53388e+36
5.69178,2500,1.63233e+36
5.69178,2510,1.73148e+36
5.69178,2520,2.01061e+36
5.69178,2530,2.52357e+36
5.69178,2540,2.86801e+36
5.69178,2550,3.14497e+36
5.69178,2560,3.25052e+36
5.69178,2570,3.24618e+36
5.69178,2580,3.11251e+36
5.69178,2590,3.4252e+36
5.69178,2600,2.80866e+36
5.69178,2610,2.1653e+36
5.69178,2620,2.05305e+36
5.69178,2630,1.90707e+36
5.69178,2640,1.6965e+36
5.69178,2650,1.77277e+36
5.69178,2660,1.75308e+36
5.69178,2670,1.9168e+36
5.69178,2680,2.35591e+36
5.69178,2690,2.78348e+36
5.69178,2700,3.39539e+36
5.69178,2710,3.88313e+36
5.69178,2720,4.40335e+36
5.69178,2730,4.91008e+36
5.69178,2740,5.00554e+36
5.69178,2750,5.49176e+36
5.69178,2760,5.97505e+36
5.69178,2770,6.35811e+36
5.69178,2780,7.16469e+36
5.69178,2790,7.39372e+36
5.69178,2800,7.13471e+36
5.69178,2810,6.90553e+36
5.69178,2820,6.87268e+36
5.69178,2830,7.05688e+36
5.69178,2840,7.56635e+36
5.69178,2850,7.7322e+36
5.69178,2860,8.06187e+36
5.69178,2870,8.92876e+36
5.69178,2880,1.00842e+37
5.69178,2890,1.16815e+37
5.69178,2900,1.38711e+37
5.69178,2910,1.55838e+37
5.69178,2920,1.68113e+37
5.69178,2930,1.79486e+37
5.69178,2940,1.85897e+37
5.69178,2950,1.90141e+37
5.69178,2960,1.90998e+37
5.69178,2970,1.9011e+37
5.69178,2980,1.85146e+37
5.69178,2990,1.68964e+37
5.69178,3000,1.56624e+37
5.69178,3010,1.46103e+37
5.69178,3020,1.42804e+37
5.69178,3030,1.42016e+37
5.69178,3040,1.44425e+37
5.69178,3050,1.43243e+37
5.69178,3060,1.36523e+37
5.69178,3070,1.31685e+37
5.69178,3080,1.31508e+37
5.69178,3090,1.30435e+37
5.69178,3100,1.32427e+37
5.69178,3110,1.43129e+37
5.69178,3120,1.51928e+37
5.69178,3130,1.62904e+37
5.69178,3140,1.73816e+37
5.69178,3150,1.945e+37
5.69178,3160,2.02223e+37
5.69178,3170,2.21743e+37
5.69178,3180,2.34404e+37
5.69178,3190,2.37758e+37
5.69178,3200,2.36498e+37
5.69178,3210,2.2921e+37
5.69178,3220,2.12549e+37
5.69178,3230,1.95043e+37
5.69178,3240,1.77522e+37
5.69178,3250,1.65744e+37
5.69178,3260,1.59063e+37
5.69178,3270,1.53146e+37
5.69178,3280,1.48764e+37
5.69178,3290,1.50523e+37
5.69178,3300,1.48281e+37
5.69178,3310,1.491e+37
5.69178,3320,1.58098e+37
5.69178,3330,1.67441e+37
5.69178,3340,1.77246e+37
5.69178,3350,1.88086e+37
5.69178,3360,1.91232e+37
5.69178,3370,1.85442e+37
5.69178,3380,1.83806e+37
5.69178,3390,1.88983e+37
5.69178,3400,2.00759e+37
5.69178,3410,2.1285e+37
5.69178,3420,2.13312e+37
5.69178,3430,2.15961e+37
5.69178,3440,2.16665e+37
5.69178,3450,2.26468e+37
5.69178,3460,2.38476e+37
5.69178,3470,2.40436e+37
5.69178,3480,2.42423e+37
5.69178,3490,2.52922e+37
5.69178,3500,2.73127e+37
5.69178,3510,2.98638e+37
5.69178,3520,3.28266e+37
5.69178,3530,3.49873e+37
5.69178,3540,3.58014e+37
5.69178,3550,3.76975e+37
5.69178,3560,3.95545e+37
5.69178,3570,4.07136e+37
5.69178,3580,4.22836e+37
5.69178,3590,4.26034e+37
5.69178,3600,4.20151e+37
5.69178,3610,4.0482e+37
5.69178,3620,3.91164e+37
5.69178,3630,3.97407e+37
5.69178,3640,4.06155e+37
5.69178,3650,4.22452e+37
5.69178,3660,4.28852e+37
5.69178,3670,4.34953e+37
5.69178,3680,4.3252e+37
5.69178,3690,4.0309e+37
5.69178,3700,3.52526e+37
5.69178,3710,3.05554e+37
5.69178,3720,2.76785e+37
5.69178,3730,2.41781e+37
5.69178,3740,2.26091e+37
5.69178,3750,2.20578e+37
5.69178,3760,2.20062e+37
5.69178,3770,2.13826e+37
5.69178,3780,2.10134e+37
5.69178,3790,2.0266e+37
5.69178,3800,1.96847e+37
5.69178,3810,1.93468e+37
5.69178,3820,2.0374e+37
5.69178,3830,2.18517e+37
5.69178,3840,2.41707e+37
5.69178,3850,2.73823e+37
5.69178,3860,3.09719e+37
5.69178,3870,3.58637e+37
5.69178,3880,4.16387e+37
5.69178,3890,4.66405e+37
5.69178,3900,4.99258e+37
5.69178,3910,5.16456e+37
5.69178,3920,5.27782e+37
5.69178,3930,5.44035e+37
5.69178,3940,5.3744e+37
5.69178,3950,5.73014e+37
5.69178,3960,5.70238e+37
5.69178,3970,5.41715e+37
5.69178,3980,5.07491e+37
5.69178,3990,4.70067e+37
5.69178,4000,4.32541e+37
5.69178,4010,4.15411e+37
5.69178,4020,4.07234e+37
5.69178,4030,4.27532e+37
5.69178,4040,4.50314e+37
5.69178,4050,4.7026e+37
5.69178,4060,4.92336e+37
5.69178,4070,5.0429e+37
5.69178,4080,5.16234e+37
5.69178,4090,5.25001e+37
5.69178,4100,5.24036e+37
5.69178,4110,5.18435e+37
5.69178,4120,5.09965e+37
5.69178,4130,5.00782e+37
5.69178,4140,4.90214e+37
5.69178,4150,4.75491e+37
5.69178,4160,4.69374e+37
5.69178,4170,4.71044e+37
5.69178,4180,4.74575e+37
5.69178,4190,4.81311e+37
5.69178,4200,4.79305e+37
5.69178,4210,4.53082e+37
5.69178,4220,4.34504e+37
5.69178,4230,4.15736e+37
5.69178,4240,3.96631e+37
5.69178,4250,3.76929e+37
5.69178,4260,3.66884e+37
5.69178,4270,3.54877e+37
5.69178,4280,3.40209e+37
5.69178,4290,3.25458e+37
5.69178,4300,3.05373e+37
5.69178,4310,2.88142e+37
5.69178,4320,2.80366e+37
5.69178,4330,2.76268e+37
5.69178,4340,2.83106e+37
5.69178,4350,2.99082e+37
5.69178,4360,3.25061e+37
5.69178,4370,3.28487e+37
5.69178,4380,3.30977e+37
5.69178,4390,3.30403e+37
5.69178,4400,3.31624e+37
5.69178,4410,3.40426e+37
5.69178,4420,3.41827e+37
5.69178,4430,3.36142e+37
5.69178,4440,3.3086e+37
5.69178,4450,3.28184e+37
5.69178,4460,3.43115e+37
5.69178,4470,3.73185e+37
5.69178,4480,3.89827e+37
5.69178,4490,4.06584e+37
5.69178,4500,4.30135e+37
5.69178,4510,4.36983e+37
5.69178,4520,4.41596e+37
5.69178,4530,4.43979e+37
5.69178,4540,4.48001e+37
5.69178,4550,4.42369e+37
5.69178,4560,4.35525e+37
5.69178,4570,4.2756e+37
5.69178,4580,4.216e+37
5.69178,4590,4.21526e+37
5.69178,4600,4.29407e+37
5.69178,4610,4.33415e+37
5.69178,4620,4.35828e+37
5.69178,4630,4.28913e+37
5.69178,4640,4.11568e+37
5.69178,4650,3.95845e+37
5.69178,4660,3.72441e+37
5.69178,4670,3.44825e+37
5.69178,4680,3.27599e+37
5.69178,4690,3.22288e+37
5.69178,4700,3.2432e+37
5.69178,4710,3.2067e+37
5.69178,4720,3.149e+37
5.69178,4730,3.02058e+37
5.69178,4740,2.91502e+37
5.69178,4750,2.85787e+37
5.69178,4760,2.75781e+37
5.69178,4770,2.64507e+37
5.69178,4780,2.58855e+37
5.69178,4790,2.62892e+37
5.69178,4800,2.70243e+37
5.69178,4810,2.68073e+37
5.69178,4820,2.61675e+37
5.69178,4830,2.52642e+37
5.69178,4840,2.43304e+37
5.69178,4850,2.30637e+37
5.69178,4860,2.16108e+37
5.69178,4870,2.06924e+37
5.69178,4880,2.04231e+37
5.69178,4890,2.08358e+37
5.69178,4900,2.19149e+37
5.69178,4910,2.35147e+37
5.69178,4920,2.50982e+37
5.69178,4930,2.61743e+37
5.69178,4940,2.65124e+37
5.69178,4950,2.60688e+37
5.69178,4960,2.52157e+37
5.69178,4970,2.41751e+37
5.69178,4980,2.38989e+37
5.69178,4990,2.34378e+37
5.69178,5000,2.29737e+37
5.69178,5010,2.2875e+37
5.69178,5020,2.33135e+37
5.69178,5030,2.39647e+37
5.69178,5040,2.46176e+37
5.69178,5050,2.48887e+37
5.69178,5060,2.53184e+37
5.69178,5070,2.65467e+37
5.69178,5080,2.7683e+37
5.69178,5090,2.90686e+37
5.69178,5100,3.01737e+37
5.69178,5110,3.08791e+37
5.69178,5120,3.18995e+37
5.69178,5130,3.26696e+37
5.69178,5140,3.29323e+37
5.69178,5150,3.26116e+37
5.69178,5160,3.18904e+37
5.69178,5170,3.09825e+37
5.69178,5180,3.08315e+37
5.69178,5190,3.07372e+37
5.69178,5200,3.10906e+37
5.69178,5210,3.1874e+37
5.69178,5220,3.24287e+37
5.69178,5230,3.20352e+37
5.69178,5240,3.07787e+37
5.69178,5250,2.87511e+37
5.69178,5260,2.6306e+37
5.69178,5270,2.4207e+37
5.69178,5280,2.23792e+37
5.69178,5290,2.08611e+37
5.69178,5300,1.9628e+37
5.69178,5310,1.97673e+37
5.69178,5320,2.03323e+37
5.69178,5330,2.09062e+37
5.69178,5340,2.10527e+37
5.69178,5350,2.15793e+37
5.69178,5360,2.19624e+37
5.69178,5370,2.28267e+37
5.69178,5380,2.33213e+37
5.69178,5390,2.35466e+37
5.69178,5400,2.33438e+37
5.69178,5410,2.29249e+37
5.69178,5420,2.25016e+37
5.69178,5430,2.15732e+37
5.69178,5440,2.06637e+37
5.69178,5450,1.95509e+37
5.69178,5460,1.83883e+37
5.69178,5470,1.73516e+37
5.69178,5480,1.68614e+37
5.69178,5490,1.69859e+37
5.69178,5500,1.7581e+37
5.69178,5510,1.90885e+37
5.69178,5520,2.08198e+37
5.69178,5530,2.22797e+37
5.69178,5540,2.36026e+37
5.69178,5550,2.47676e+37
5.69178,5560,2.58972e+37
5.69178,5570,2.66146e+37
5.69178,5580,2.67072e+37
5.69178,5590,2.65902e+37
5.69178,5600,2.6766e+37
5.69178,5610,2.69986e+37
5.69178,5620,2.70309e+37
5.69178,5630,2.71423e+37
9.24113,1850,3.64599e+35
9.24113,1860,3.91448e+35
9.24113,1870,4.01674e+35
9.24113,1880,5.52263e+35
9.24113,1890,7.17765e+35
9.24113,1900,7.88207e+35
9.24113,1910,7.67688e+35
9.24113,1920,7.22921e+35
9.24113,1930,6.42164e+35
9.24113,1940,5.50066e+35
9.24113,1950,5.5023e+35
9.24113,1960,5.45514e+35
9.24113,1970,5.03854e+35
9.24113,1980,5.23121e+35
9.24113,1990,5.47602e+35
9.24113,2000,6.23852e+35
9.24113,2010,6.91429e+35
9.24113,2020,7.08577e+35
9.24113,2030,7.22248e+35
9.24113,2040,7.51113e+35
9.24113,2050,7.4763e+35
9.24113,2060,7.23228e+35
9.24113,2070,7.39056e+35
9.24113,2080,6.10617e+35
9.24113,2090,5.97758e+35
9.24113,2100,5.54643e+35
9.24113,2110,5.24768e+35
9.24113,2120,4.58506e+35
9.24113,2130,4.81674e+35
9.24113,2140,5.05116e+35
9.24113,2150,5.28643e+35
9.24113,2160,5.02212e+35
9.24113,2170,4.91593e+35
9.24113,2180,4.53519e+35
9.24113,2190,4.27803e+35
9.24113,2200,3.78765e+35
9.24113,2210,3.81439e+35
9.24113,2220,3.68891e+35
9.24113,2230,3.4817e+35
9.24113,2240,3.32023e+35
9.24113,2250,3.37321e+35
9.24113,2260,3.27677e+35
9.24113,2270,3.23978e+35
9.24113,2280,3.61055e+35
9.24113,2290,3.90575e+35
9.24113,2300,4.02964e+35
9.24113,2310,4.61555e+35
9.24113,2320,5.64791e+35
9.24113,2330,6.918e+35
9.24113,2340,7.2825e+35
9.24113,2350,8.38169e+35
9.24113,2360,1.01977e+36
9.24113,2370,1.06176e+36
9.24113,2380,1.09319e+36
9.24113,2390,1.15509e+36
9.24113,2400,1.17275e+36
9.24113,2410,1.18008e+36
9.24113,2420,1.09719e+36
9.24113,2430,1.06396e+36
9.24113,2440,1.04489e+36
9.24113,2450,9.3845e+35
9.24113,2460,9.02327e+35
9.24113,2470,8.19847e+35
9.24113,2480,7.71617e+35
9.24113,2490,7.40347e+35
9.24113,2500,7.5715e+35
9.24113,2510,7.73195e+35
9.24113,2520,8.97408e+35
9.24113,2530,1.21658e+36
9.24113,2540,1.51773e+36
9.24113,2550,1.62808e+36
9.24113,2560,1.72093e+36
9.24113,2570,1.75035e+36
9.24113,2580,1.6742e+36
9.24113,2590,1.64586e+36
9.24113,2600,1.46175e+36
9.24113,2610,1.38962e+36
9.24113,2620,1.16373e+36
9.24113,2630,9.58934e+35
9.24113,2640,8.56847e+35
9.24113,2650,7.33089e+35
9.24113,2660,6.89415e+35
9.24113,2670,7.15198e+35
9.24113,2680,9.04751e+35
9.24113,2690,1.24466e+36
9.24113,2700,1.6692e+36
9.24113,2710,1.98389e+36
9.24113,2720,2.20076e+36
9.24113,2730,2.44089e+36
9.24113,2740,2.49918e+36
9.24113,2750,2.59756e+36
9.24113,2760,2.83052e+36
9.24113,2770,3.03708e+36
9.24113,2780,3.23488e+36
9.24113,2790,3.53162e+36
9.24113,2800,3.39853e+36
9.24113,2810,3.19123e+36
9.24113,2820,3.39874e+36
9.24113,2830,3.3424e+36
9.24113,2840,3.47397e+36
9.24113,2850,3.56596e+36
9.24113,2860,3.78641e+36
9.24113,2870,4.05885e+36
9.24113,2880,4.56474e+36
9.24113,2890,5.33051e+36
9.24113,2900,6.03106e+36
9.24113,2910,6.64681e+36
9.24113,2920,6.96891e+36
9.24113,2930,7.07578e+36
9.24113,2940,7.10482e+36
9.24113,2950,7.15836e+36
9.24113,2960,7.13001e+36
9.24113,2970,7.0073e+36
9.24113,2980,6.85714e+36
9.24113,2990,6.4871e+36
9.24113,3000,6.01493e+36
9.24113,3010,5.73608e+36
9.24113,3020,5.62243e+36
9.24113,3030,5.60105e+36
9.24113,3040,5.75923e+36
9.24113,3050,5.71688e+36
9.24113,3060,5.61639e+36
9.24113,3070,5.49769e+36
9.24113,3080,5.5684e+36
9.24113,3090,5.5443e+36
9.24113,3100,5.51031e+36
9.24113,3110,5.7383e+36
9.24113,3120,6.02869e+36
9.24113,3130,6.24852e+36
9.24113,3140,6.45518e+36
9.24113,3150,6.8843e+36
9.24113,3160,7.19997e+36
9.24113,3170,7.80038e+36
9.24113,3180,8.26294e+36
9.24113,3190,8.62636e+36
9.24113,3200,8.30183e+36
9.24113,3210,8.02476e+36
9.24113,3220,7.60949e+36
9.24113,3230,7.26117e+36
9.24113,3240,6.95896e+36
9.24113,3250,6.63231e+36
9.24113,3260,6.60807e+36
9.24113,3270,6.58348e+36
9.24113,3280,6.43435e+36
9.24113,3290,6.53954e+36
9.24113,3300,6.48071e+36
9.24113,3310,6.57378e+36
9.24113,3320,7.03694e+36
9.24113,3330,7.17231e+36
9.24113,3340,7.34108e+36
9.24113,3350,7.54146e+36
9.24113,3360,7.44612e+36
9.24113,3370,7.54755e+36
9.24113,3380,7.75159e+36
9.24113,3390,8.16671e+36
9.24113,3400,9.06047e+36
9.24113,3410,9.32077e+36
9.24113,3420,9.55589e+36
9.24113,3430,9.96814e+36
9.24113,3440,9.76884e+36
9.24113,3450,1.03207e+37
9.24113,3460,1.06714e+37
9.24113,3470,1.0698e+37
9.24113,3480,1.07936e+37
9.24113,3490,1.12081e+37
9.24113,3500,1.24117e+37
9.24113,3510,1.39763e+37
9.24113,3520,1.56482e+37
9.24113,3530,1.68103e+37
9.24113,3540,1.79122e+37
9.24113,3550,1.93967e+37
9.24113,3560,1.99225e+37
9.24113,3570,2.02001e+37
9.24113,3580,2.14155e+37
9.24113,3590,2.21037e+37
9.24113,3600,2.15101e+37
9.24113,3610,2.03501e+37
9.24113,3620,1.93714e+37
9.24113,3630,1.93981e+37
9.24113,3640,1.98342e+37
9.24113,3650,2.14954e+37
9.24113,3660,2.42486e+37
9.24113,3670,2.73782e+37
9.24113,3680,3.04936e+37
9.24113,3690,3.10987e+37
9.24113,3700,2.90325e+37
9.24113,3710,2.54589e+37
9.24113,3720,2.31526e+37
9.24113,3730,2.09067e+37
9.24113,3740,1.99794e+37
9.24113,3750,1.95972e+37
9.24113,3760,1.9018e+37
9.24113,3770,1.77274e+37
9.24113,3780,1.63815e+37
9.24113,3790,1.54845e+37
9.24113,3800,1.4829e+37
9.24113,3810,1.46528e+37
9.24113,3820,1.51013e+37
9.24113,3830,1.60651e+37
9.24113,3840,1.75304e+37
9.24113,3850,1.96894e+37
9.24113,3860,2.22138e+37
9.24113,3870,2.49661e+37
9.24113,3880,2.87749e+37
9.24113,3890,3.24426e+37
9.24113,3900,3.55788e+37
9.24113,3910,3.7708e+37
9.24113,3920,3.8802e+37
9.24113,3930,3.97729e+37
9.24113,3940,3.93408e+37
9.24113,3950,4.1482e+37
9.24113,3960,4.11926e+37
9.24113,3970,3.9691e+37
9.24113,3980,3.73436e+37
9.24113,3990,3.43319e+37
9.24113,4000,3.07867e+37
9.24113,4010,2.80883e+37
9.24113,4020,2.67373e+37
9.24113,4030,2.68533e+37
9.24113,4040,2.79155e+37
9.24113,4050,2.87906e+37
9.24113,4060,2.97221e+37
9.24113,4070,3.00469e+37
9.24113,4080,3.04966e+37
9.24113,4090,3.08798e+37
9.24113,4100,3.05337e+37
9.24113,4110,3.02849e+37
9.24113,4120,2.99417e+37
9.24113,4130,2.95304e+37
9.24113,4140,3.00352e+37
9.24113,4150,3.0702e+37
9.24113,4160,3.17114e+37
9.24113,4170,3.22291e+37
9.24113,4180,3.24916e+37
9.24113,4190,3.27203e+37
9.24113,4200,3.33373e+37
9.24113,4210,3.29893e+37
9.24113,4220,3.19567e+37
9.24113,4230,3.14523e+37
9.24113,4240,3.04557e+37
9.24113,4250,2.93916e+37
9.24113,4260,2.89937e+37
9.24113,4270,2.84722e+37
9.24113,4280,2.811e+37
9.24113,4290,2.78727e+37
9.24113,4300,2.69725e+37
9.24113,4310,2.57982e+37
9.24113,4320,2.44141e+37
9.24113,4330,2.27523e+37
9.24113,4340,2.1917e+37
9.24113,4350,2.53745e+37
9.24113,4360,2.88108e+37
9.24113,4370,2.7472e+37
9.24113,4380,2.57714e+37
9.24113,4390,2.46801e+37
9.24113,4400,2.3957e+37
9.24113,4410,2.34172e+37
9.24113,4420,2.40717e+37
9.24113,4430,2.49434e+37
9.24113,4440,2.61945e+37
9.24113,4450,2.80057e+37
9.24113,4460,3.01116e+37
9.24113,4470,3.22809e+37
9.24113,4480,3.40413e+37
9.24113,4490,3.53921e+37
9.24113,4500,3.70509e+37
9.24113,4510,3.92924e+37
9.24113,4520,4.17143e+37
9.24113,4530,4.3789e+37
9.24113,4540,4.52096e+37
9.24113,4550,4.72597e+37
9.24113,4560,4.88073e+37
9.24113,4570,4.91761e+37
9.24113,4580,4.86993e+37
9.24113,4590,4.84471e+37
9.24113,4600,4.91989e+37
9.24113,4610,4.98743e+37
9.24113,4620,4.97947e+37
9.24113,4630,4.90031e+37
9.24113,4640,4.69705e+37
9.24113,4650,4.42488e+37
9.24113,4660,4.15299e+37
9.24113,4670,3.82219e+37
9.24113,4680,3.52542e+37
9.24113,4690,3.33861e+37
9.24113,4700,3.36101e+37
9.24113,4710,3.28345e+37
9.24113,4720,3.09068e+37
9.24113,4730,2.78724e+37
9.24113,4740,2.53705e+37
9.24113,4750,2.37963e+37
9.24113,4760,2.30067e+37
9.24113,4770,2.26233e+37
9.24113,4780,2.26683e+37
9.24113,4790,2.31836e+37
9.24113,4800,2.41205e+37
9.24113,4810,2.43905e+37
9.24113,4820,2.36896e+37
9.24113,4830,2.23681e+37
9.24113,4840,2.17246e+37
9.24113,4850,2.12644e+37
9.24113,4860,2.0627e+37
9.24113,4870,2.03046e+37
9.24113,4880,2.04496e+37
9.24113,4890,2.0921e+37
9.24113,4900,2.22303e+37
9.24113,4910,2.43722e+37
9.24113,4920,2.67374e+37
9.24113,4930,2.9003e+37
9.24113,4940,2.98734e+37
9.24113,4950,2.86978e+37
9.24113,4960,2.6751e+37
9.24113,4970,2.47618e+37
9.24113,4980,2.35955e+37
9.24113,4990,2.25344e+37
9.24113,5000,2.1391e+37
9.24113,5010,2.08092e+37
9.24113,5020,2.04355e+37
9.24113,5030,2.03156e+37
9.24113,5040,2.07666e+37
9.24113,5050,2.15149e+37
9.24113,5060,2.22108e+37
9.24113,5070,2.26305e+37
9.24113,5080,2.3366e+37
9.24113,5090,2.40756e+37
9.24113,5100,2.44521e+37
9.24113,5110,2.45139e+37
9.24113,5120,2.53364e+37
9.24113,5130,2.64397e+37
9.24113,5140,2.73623e+37
9.24113,5150,2.84161e+37
9.24113,5160,2.92898e+37
9.24113,5170,2.98254e+37
9.24113,5180,3.04658e+37
9.24113,5190,3.13959e+37
9.24113,5200,3.214e+37
9.24113,5210,3.28073e+37
9.24113,5220,3.36357e+37
9.24113,5230,3.41593e+37
9.24113,5240,3.44926e+37
9.24113,5250,3.39149e+37
9.24113,5260,3.28652e+37
9.24113,5270,3.08947e+37
9.24113,5280,2.81146e+37
9.24113,5290,2.62864e+37
9.24113,5300,2.50204e+37
9.24113,5310,2.43472e+37
9.24113,5320,2.45417e+37
9.24113,5330,2.49088e+37
9.24113,5340,2.52896e+37
9.24113,5350,2.52249e+37
9.24113,5360,2.4789e+37
9.24113,5370,2.48436e+37
9.24113,5380,2.50814e+37
9.24113,5390,2.51368e+37
9.24113,5400,2.49496e+37
9.24113,5410,2.47071e+37
9.24113,5420,2.45461e+37
9.24113,5430,2.43741e+37
9.24113,5440,2.35299e+37
9.24113,5450,2.22247e+37
9.24113,5460,2.1248e+37
9.24113,5470,2.03287e+37
9.24113,5480,1.89587e+37
9.24113,5490,1.80383e+37
9.24113,5500,1.7827e+37
9.24113,5510,1.856e+37
9.24113,5520,2.01996e+37
9.24113,5530,2.15611e+37
9.24113,5540,2.23586e+37
9.24113,5550,2.29493e+37
9.24113,5560,2.31659e+37
9.24113,5570,2.32036e+37
9.24113,5580,2.32173e+37
9.24113,5590,2.28198e+37
9.24113,5600,2.26769e+37
9.24113,5610,2.23976e+37
9.24113,5620,2.22396e+37
9.24113,5630,2.1963e+37
12.2556,1850,2.74763e+35
12.2556,1860,2.94995e+35
12.2556,1870,3.02702e+35
12.2556,1880,4.16188e+35
12.2556,1890,5.40913e+35
12.2556,1900,5.93992e+35
12.2556,1910,5.78531e+35
12.2556,1920,5.44792e+35
12.2556,1930,4.83934e+35
12.2556,1940,4.14532e+35
12.2556,1950,4.14653e+35
12.2556,1960,4.11099e+35
12.2556,1970,3.79706e+35
12.2556,1980,3.94223e+35
12.2556,1990,4.12674e+35
12.2556,2000,4.70137e+35
12.2556,2010,5.21058e+35
12.2556,2020,5.33981e+35
12.2556,2030,5.44287e+35
12.2556,2040,5.66038e+35
12.2556,2050,5.63415e+35
12.2556,2060,5.45025e+35
12.2556,2070,5.56954e+35
12.2556,2080,4.60161e+35
12.2556,2090,4.50472e+35
12.2556,2100,4.17981e+35
12.2556,2110,3.95467e+35
12.2556,2120,3.45531e+35
12.2556,2130,3.6299e+35
12.2556,2140,3.80656e+35
12.2556,2150,3.98385e+35
12.2556,2160,3.78467e+35
12.2556,2170,3.70465e+35
12.2556,2180,3.41772e+35
12.2556,2190,3.22393e+35
12.2556,2200,2.85438e+35
12.2556,2210,2.87453e+35
12.2556,2220,2.77996e+35
12.2556,2230,2.62382e+35
12.2556,2240,2.50213e+35
12.2556,2250,2.54206e+35
12.2556,2260,2.46938e+35
12.2556,2270,2.4415e+35
12.2556,2280,2.72091e+35
12.2556,2290,2.94337e+35
12.2556,2300,3.03674e+35
12.2556,2310,3.47828e+35
12.2556,2320,4.25625e+35
12.2556,2330,5.2134e+35
12.2556,2340,5.4881e+35
12.2556,2350,6.31645e+35
12.2556,2360,7.685e+35
12.2556,2370,8.00146e+35
12.2556,2380,8.23825e+35
12.2556,2390,8.70478e+35
12.2556,2400,8.83787e+35
12.2556,2410,8.89309e+35
12.2556,2420,8.26839e+35
12.2556,2430,8.01808e+35
12.2556,2440,7.8743e+35
12.2556,2450,7.07217e+35
12.2556,2460,6.79994e+35
12.2556,2470,6.17836e+35
12.2556,2480,5.8149e+35
12.2556,2490,5.57928e+35
12.2556,2500,5.7059e+35
12.2556,2510,5.82682e+35
12.2556,2520,6.76288e+35
12.2556,2530,9.16814e+35
12.2556,2540,1.14376e+36
12.2556,2550,1.22692e+36
12.2556,2560,1.2969e+36
12.2556,2570,1.31907e+36
12.2556,2580,1.26168e+36
12.2556,2590,1.24032e+36
12.2556,2600,1.10158e+36
12.2556,2610,1.04722e+36
12.2556,2620,8.76989e+35
12.2556,2630,7.22654e+35
12.2556,2640,6.45721e+35
12.2556,2650,5.52456e+35
12.2556,2660,5.19544e+35
12.2556,2670,5.38973e+35
12.2556,2680,6.8182e+35
12.2556,2690,9.37975e+35
12.2556,2700,1.25791e+36
12.2556,2710,1.49506e+36
12.2556,2720,1.65849e+36
12.2556,2730,1.83946e+36
12.2556,2740,1.88339e+36
12.2556,2750,1.95752e+36
12.2556,2760,2.13308e+36
12.2556,2770,2.28875e+36
12.2556,2780,2.4378e+36
12.2556,2790,2.66143e+36
12.2556,2800,2.56113e+36
12.2556,2810,2.40491e+36
12.2556,2820,2.56129e+36
12.2556,2830,2.51884e+36
12.2556,2840,2.61799e+36
12.2556,2850,2.68731e+36
12.2556,2860,2.85344e+36
12.2556,2870,3.05875e+36
12.2556,2880,3.43999e+36
12.2556,2890,4.01708e+36
12.2556,2900,4.545e+36
12.2556,2910,5.00905e+36
12.2556,2920,5.25179e+36
12.2556,2930,5.33229e+36
12.2556,2940,5.35416e+36
12.2556,2950,5.39453e+36
12.2556,2960,5.37316e+36
12.2556,2970,5.28074e+36
12.2556,2980,5.16753e+36
12.2556,2990,4.88868e+36
12.2556,3000,4.53285e+36
12.2556,3010,4.32271e+36
12.2556,3020,4.23706e+36
12.2556,3030,4.22096e+36
12.2556,3040,4.34016e+36
12.2556,3050,4.30824e+36
12.2556,3060,4.23253e+36
12.2556,3070,4.14305e+36
12.2556,3080,4.19635e+36
12.2556,3090,4.17821e+36
12.2556,3100,4.15259e+36
12.2556,3110,4.3244e+36
12.2556,3120,4.54321e+36
12.2556,3130,4.70888e+36
12.2556,3140,4.86464e+36
12.2556,3150,5.18802e+36
12.2556,3160,5.4259e+36
12.2556,3170,5.87837e+36
12.2556,3180,6.22699e+36
12.2556,3190,6.50085e+36
12.2556,3200,6.25628e+36
12.2556,3210,6.04744e+36
12.2556,3220,5.73454e+36
12.2556,3230,5.47202e+36
12.2556,3240,5.24427e+36
12.2556,3250,4.99812e+36
12.2556,3260,4.97986e+36
12.2556,3270,4.96131e+36
12.2556,3280,4.84894e+36
12.2556,3290,4.92822e+36
12.2556,3300,4.88389e+36
12.2556,3310,4.95399e+36
12.2556,3320,5.30305e+36
12.2556,3330,5.40507e+36
12.2556,3340,5.53223e+36
12.2556,3350,5.68329e+36
12.2556,3360,5.61139e+36
12.2556,3370,5.68784e+36
12.2556,3380,5.84161e+36
12.2556,3390,6.15446e+36
12.2556,3400,6.82795e+36
12.2556,3410,7.02418e+36
12.2556,3420,7.2013e+36
12.2556,3430,7.51197e+36
12.2556,3440,7.36181e+36
12.2556,3450,7.77767e+36
12.2556,3460,8.04198e+36
12.2556,3470,8.06202e+36
12.2556,3480,8.13406e+36
12.2556,3490,8.44646e+36
12.2556,3500,9.35348e+36
12.2556,3510,1.05326e+37
12.2556,3520,1.17925e+37
12.2556,3530,1.26683e+37
12.2556,3540,1.34987e+37
12.2556,3550,1.46173e+37
12.2556,3560,1.50137e+37
12.2556,3570,1.52228e+37
12.2556,3580,1.61388e+37
12.2556,3590,1.66574e+37
12.2556,3600,1.621e+37
12.2556,3610,1.53359e+37
12.2556,3620,1.45983e+37
12.2556,3630,1.46184e+37
12.2556,3640,1.49471e+37
12.2556,3650,1.61989e+37
12.2556,3660,1.82738e+37
12.2556,3670,2.06322e+37
12.2556,3680,2.298e+37
12.2556,3690,2.3436e+37
12.2556,3700,2.18789e+37
12.2556,3710,1.91858e+37
12.2556,3720,1.74478e+37
12.2556,3730,1.57553e+37
12.2556,3740,1.50565e+37
12.2556,3750,1.47684e+37
12.2556,3760,1.4332e+37
12.2556,3770,1.33594e+37
12.2556,3780,1.23451e+37
12.2556,3790,1.16692e+37
12.2556,3800,1.11751e+37
12.2556,3810,1.10423e+37
12.2556,3820,1.13803e+37
12.2556,3830,1.21067e+37
12.2556,3840,1.32109e+37
12.2556,3850,1.4838e+37
12.2556,3860,1.67403e+37
12.2556,3870,1.88145e+37
12.2556,3880,2.16848e+37
12.2556,3890,2.44487e+37
12.2556,3900,2.68122e+37
12.2556,3910,2.84168e+37
12.2556,3920,2.92413e+37
12.2556,3930,2.99729e+37
12.2556,3940,2.96473e+37
12.2556,3950,3.12609e+37
12.2556,3960,3.10428e+37
12.2556,3970,2.99111e+37
12.2556,3980,2.81422e+37
12.2556,3990,2.58725e+37
12.2556,4000,2.32009e+37
12.2556,4010,2.11674e+37
12.2556,4020,2.01493e+37
12.2556,4030,2.02367e+37
12.2556,4040,2.10371e+37
12.2556,4050,2.16966e+37
12.2556,4060,2.23986e+37
12.2556,4070,2.26434e+37
12.2556,4080,2.29823e+37
12.2556,4090,2.32711e+37
12.2556,4100,2.30102e+37
12.2556,4110,2.28227e+37
12.2556,4120,2.25641e+37
12.2556,4130,2.22541e+37
12.2556,4140,2.26345e+37
12.2556,4150,2.31371e+37
12.2556,4160,2.38977e+37
12.2556,4170,2.42879e+37
12.2556,4180,2.44857e+37
12.2556,4190,2.46581e+37
12.2556,4200,2.51231e+37
12.2556,4210,2.48608e+37
12.2556,4220,2.40826e+37
12.2556,4230,2.37025e+37
12.2556,4240,2.29514e+37
12.2556,4250,2.21496e+37
12.2556,4260,2.18497e+37
12.2556,4270,2.14567e+37
12.2556,4280,2.11837e+37
12.2556,4290,2.10049e+37
12.2556,4300,2.03265e+37
12.2556,4310,1.94416e+37
12.2556,4320,1.83985e+37
12.2556,4330,1.71461e+37
12.2556,4340,1.65166e+37
12.2556,4350,2.06034e+37
12.2556,4360,2.46186e+37
12.2556,4370,2.34935e+37
12.2556,4380,2.20568e+37
12.2556,4390,2.11399e+37
12.2556,4400,2.05371e+37
12.2556,4410,2.00905e+37
12.2556,4420,2.06688e+37
12.2556,4430,2.14346e+37
12.2556,4440,2.25279e+37
12.2556,4450,2.41052e+37
12.2556,4460,2.59388e+37
12.2556,4470,2.78302e+37
12.2556,4480,2.93718e+37
12.2556,4490,3.05623e+37
12.2556,4500,3.20209e+37
12.2556,4510,3.3986e+37
12.2556,4520,3.61103e+37
12.2556,4530,3.79374e+37
12.2556,4540,3.92005e+37
12.2556,4550,4.10117e+37
12.2556,4560,4.23897e+37
12.2556,4570,4.27453e+37
12.2556,4580,4.23658e+37
12.2556,4590,4.21814e+37
12.2556,4600,4.28714e+37
12.2556,4610,4.34962e+37
12.2556,4620,4.34628e+37
12.2556,4630,4.28075e+37
12.2556,4640,4.10661e+37
12.2556,4650,3.87188e+37
12.2556,4660,3.63702e+37
12.2556,4670,3.35012e+37
12.2556,4680,3.09259e+37
12.2556,4690,2.93118e+37
12.2556,4700,2.95334e+37
12.2556,4710,2.88761e+37
12.2556,4720,2.72037e+37
12.2556,4730,2.45537e+37
12.2556,4740,2.23686e+37
12.2556,4750,2.09984e+37
12.2556,4760,2.03189e+37
12.2556,4770,1.99972e+37
12.2556,4780,2.0054e+37
12.2556,4790,2.05275e+37
12.2556,4800,2.13752e+37
12.2556,4810,2.1633e+37
12.2556,4820,2.10293e+37
12.2556,4830,1.98732e+37
12.2556,4840,1.93181e+37
12.2556,4850,1.89252e+37
12.2556,4860,1.83737e+37
12.2556,4870,1.81021e+37
12.2556,4880,1.82471e+37
12.2556,4890,1.86839e+37
12.2556,4900,1.98704e+37
12.2556,4910,2.18038e+37
12.2556,4920,2.39405e+37
12.2556,4930,2.59918e+37
12.2556,4940,2.67951e+37
12.2556,4950,2.5763e+37
12.2556,4960,2.40363e+37
12.2556,4970,2.22684e+37
12.2556,4980,2.12382e+37
12.2556,4990,2.03009e+37
12.2556,5000,1.92878e+37
12.2556,5010,1.87796e+37
12.2556,5020,1.84587e+37
12.2556,5030,1.83666e+37
12.2556,5040,1.8791e+37
12.2556,5050,1.94853e+37
12.2556,5060,2.01333e+37
12.2556,5070,2.05321e+37
12.2556,5080,2.12182e+37
12.2556,5090,2.1882e+37
12.2556,5100,2.22441e+37
12.2556,5110,2.23203e+37
12.2556,5120,2.30899e+37
12.2556,5130,2.41169e+37
12.2556,5140,2.49808e+37
12.2556,5150,2.59662e+37
12.2556,5160,2.67887e+37
12.2556,5170,2.73032e+37
12.2556,5180,2.79146e+37
12.2556,5190,2.87929e+37
12.2556,5200,2.9502e+37
12.2556,5210,3.01418e+37
12.2556,5220,3.0931e+37
12.2556,5230,3.1441e+37
12.2556,5240,3.17767e+37
12.2556,5250,3.1273e+37
12.2556,5260,3.03327e+37
12.2556,5270,2.85402e+37
12.2556,5280,2.59958e+37
12.2556,5290,2.43277e+37
12.2556,5300,2.31773e+37
12.2556,5310,2.25745e+37
12.2556,5320,2.27758e+37
12.2556,5330,2.31379e+37
12.2556,5340,2.35134e+37
12.2556,5350,2.34748e+37
12.2556,5360,2.30906e+37
12.2556,5370,2.3163e+37
12.2556,5380,2.34065e+37
12.2556,5390,2.348e+37
12.2556,5400,2.33269e+37
12.2556,5410,2.31219e+37
12.2556,5420,2.29927e+37
12.2556,5430,2.28414e+37
12.2556,5440,2.20503e+37
12.2556,5450,2.08272e+37
12.2556,5460,1.99119e+37
12.2556,5470,1.90504e+37
12.2556,5480,1.77666e+37
12.2556,5490,1.6904e+37
12.2556,5500,1.6706e+37
12.2556,5510,1.73929e+37
12.2556,5520,1.89295e+37
12.2556,5530,2.02053e+37
12.2556,5540,2.09527e+37
12.2556,5550,2.15062e+37
12.2556,5560,2.17092e+37
12.2556,5570,2.17445e+37
12.2556,5580,2.17573e+37
12.2556,5590,2.13849e+37
12.2556,5600,2.12509e+37
12.2556,5610,2.09892e+37
12.2556,5620,2.08412e+37
12.2556,5630,2.05819e+37
17.2806,1850,4.08481e+35
17.2806,1860,4.20864e+35
17.2806,1870,4.41333e+35
17.2806,1880,4.36785e+35
17.2806,1890,4.88251e+35
17.2806,1900,5.02004e+35
17.2806,1910,5.22141e+35
17.2806,1920,5.2274e+35
17.2806,1930,4.45644e+35
17.2806,1940,3.84757e+35
17.2806,1950,3.80229e+35
17.2806,1960,3.85953e+35
17.2806,1970,3.64698e+35
17.2806,1980,3.11661e+35
17.2806,1990,3.27267e+35
17.2806,2000,3.53898e+35
17.2806,2010,3.91026e+35
17.2806,2020,4.05254e+35
17.2806,2030,4.00424e+35
17.2806,2040,3.86576e+35
17.2806,2050,4.01375e+35
17.2806,2060,3.95662e+35
17.2806,2070,3.80705e+35
17.2806,2080,3.60738e+35
17.2806,2090,3.30986e+35
17.2806,2100,3.35931e+35
17.2806,2110,3.15153e+35
17.2806,2120,2.84458e+35
17.2806,2130,3.03734e+35
17.2806,2140,3.12937e+35
17.2806,2150,3.07294e+35
17.2806,2160,3.39798e+35
17.2806,2170,3.5628e+35
17.2806,2180,3.35123e+35
17.2806,2190,3.09747e+35
17.2806,2200,3.013e+35
17.2806,2210,2.92339e+35
17.2806,2220,2.99968e+35
17.2806,2230,2.82815e+35
17.2806,2240,3.04122e+35
17.2806,2250,3.0301e+35
17.2806,2260,2.96275e+35
17.2806,2270,3.03275e+35
17.2806,2280,3.25664e+35
17.2806,2290,3.03683e+35
17.2806,2300,3.1601e+35
17.2806,2310,3.1813e+35
17.2806,2320,3.76756e+35
17.2806,2330,4.16742e+35
17.2806,2340,4.79324e+35
17.2806,2350,5.28385e+35
17.2806,2360,6.1226e+35
17.2806,2370,6.55498e+35
17.2806,2380,6.84437e+35
17.2806,2390,7.09171e+35
17.2806,2400,7.35657e+35
17.2806,2410,7.43073e+35
17.2806,2420,7.15252e+35
17.2806,2430,7.17597e+35
17.2806,2440,6.81573e+35
17.2806,2450,6.8178e+35
17.2806,2460,6.54978e+35
17.2806,2470,5.87392e+35
17.2806,2480,5.42353e+35
17.2806,2490,5.04705e+35
17.2806,2500,4.92239e+35
17.2806,2510,4.66054e+35
17.2806,2520,5.27989e+35
17.2806,2530,6.74794e+35
17.2806,2540,8.45388e+35
17.2806,2550,9.36036e+35
17.2806,2560,9.295e+35
17.2806,2570,9.73945e+35
17.2806,2580,9.61853e+35
17.2806,2590,9.71358e+35
17.2806,2600,9.36857e+35
17.2806,2610,9.40889e+35
17.2806,2620,8.90279e+35
17.2806,2630,7.15974e+35
17.2806,2640,6.1407e+35
17.2806,2650,5.10277e+35
17.2806,2660,4.10211e+35
17.2806,2670,3.70728e+35
17.2806,2680,4.41714e+35
17.2806,2690,7.03922e+35
17.2806,2700,1.02937e+36
17.2806,2710,1.34851e+36
17.2806,2720,1.48088e+36
17.2806,2730,1.56719e+36
17.2806,2740,1.5456e+36
17.2806,2750,1.61014e+36
17.2806,2760,1.66346e+36
17.2806,2770,1.73687e+36
17.2806,2780,1.86113e+36
17.2806,2790,1.97079e+36
17.2806,2800,1.93364e+36
17.2806,2810,1.88926e+36
17.2806,2820,1.90769e+36
17.2806,2830,1.84014e+36
17.2806,2840,1.86974e+36
17.2806,2850,1.89777e+36
17.2806,2860,1.97681e+36
17.2806,2870,2.05774e+36
17.2806,2880,2.28589e+36
17.2806,2890,2.65259e+36
17.2806,2900,3.04922e+36
17.2806,2910,3.2392e+36
17.2806,2920,3.35483e+36
17.2806,2930,3.4277e+36
17.2806,2940,3.47296e+36
17.2806,2950,3.42257e+36
17.2806,2960,3.42238e+36
17.2806,2970,3.37158e+36
17.2806,2980,3.35072e+36
17.2806,2990,3.19949e+36
17.2806,3000,2.97282e+36
17.2806,3010,2.92225e+36
17.2806,3020,2.81094e+36
17.2806,3030,2.84281e+36
17.2806,3040,2.91469e+36
17.2806,3050,2.91712e+36
17.2806,3060,2.83352e+36
17.2806,3070,2.83601e+36
17.2806,3080,2.86657e+36
17.2806,3090,2.84877e+36
17.2806,3100,2.79398e+36
17.2806,3110,2.85766e+36
17.2806,3120,2.96334e+36
17.2806,3130,3.02677e+36
17.2806,3140,3.09286e+36
17.2806,3150,3.2787e+36
17.2806,3160,3.53263e+36
17.2806,3170,3.8111e+36
17.2806,3180,4.02969e+36
17.2806,3190,4.04839e+36
17.2806,3200,3.99521e+36
17.2806,3210,3.84903e+36
17.2806,3220,3.66501e+36
17.2806,3230,3.50809e+36
17.2806,3240,3.39631e+36
17.2806,3250,3.20774e+36
17.2806,3260,3.21569e+36
17.2806,3270,3.1684e+36
17.2806,3280,3.14773e+36
17.2806,3290,3.18266e+36
17.2806,3300,3.18837e+36
17.2806,3310,3.20197e+36
17.2806,3320,3.45379e+36
17.2806,3330,3.53585e+36
17.2806,3340,3.56236e+36
17.2806,3350,3.57745e+36
17.2806,3360,3.59697e+36
17.2806,3370,3.67862e+36
17.2806,3380,3.77797e+36
17.2806,3390,4.06199e+36
17.2806,3400,4.60798e+36
17.2806,3410,4.95507e+36
17.2806,3420,5.05136e+36
17.2806,3430,5.20756e+36
17.2806,3440,5.246e+36
17.2806,3450,5.31136e+36
17.2806,3460,5.5585e+36
17.2806,3470,5.53381e+36
17.2806,3480,5.492e+36
17.2806,3490,5.65553e+36
17.2806,3500,6.02428e+36
17.2806,3510,6.64102e+36
17.2806,3520,7.32525e+36
17.2806,3530,7.68143e+36
17.2806,3540,7.78865e+36
17.2806,3550,8.06464e+36
17.2806,3560,8.4758e+36
17.2806,3570,8.57732e+36
17.2806,3580,8.78374e+36
17.2806,3590,8.89992e+36
17.2806,3600,8.9541e+36
17.2806,3610,8.56837e+36
17.2806,3620,8.17903e+36
17.2806,3630,8.39396e+36
17.2806,3640,8.91164e+36
17.2806,3650,9.81674e+36
17.2806,3660,1.14202e+37
17.2806,3670,1.31984e+37
17.2806,3680,1.50561e+37
17.2806,3690,1.60989e+37
17.2806,3700,1.63849e+37
17.2806,3710,1.5271e+37
17.2806,3720,1.4111e+37
17.2806,3730,1.32139e+37
17.2806,3740,1.30299e+37
17.2806,3750,1.29838e+37
17.2806,3760,1.23986e+37
17.2806,3770,1.0871e+37
17.2806,3780,9.50839e+36
17.2806,3790,8.59296e+36
17.2806,3800,7.99735e+36
17.2806,3810,7.74581e+36
17.2806,3820,7.94278e+36
17.2806,3830,8.58133e+36
17.2806,3840,9.71996e+36
17.2806,3850,1.10846e+37
17.2806,3860,1.2729e+37
17.2806,3870,1.43488e+37
17.2806,3880,1.59076e+37
17.2806,3890,1.71473e+37
17.2806,3900,1.80396e+37
17.2806,3910,1.87922e+37
17.2806,3920,1.95948e+37
17.2806,3930,2.03448e+37
17.2806,3940,2.06446e+37
17.2806,3950,2.22872e+37
17.2806,3960,2.34067e+37
17.2806,3970,2.38157e+37
17.2806,3980,2.38114e+37
17.2806,3990,2.25369e+37
17.2806,4000,2.09302e+37
17.2806,4010,1.92937e+37
17.2806,4020,1.78013e+37
17.2806,4030,1.67508e+37
17.2806,4040,1.6191e+37
17.2806,4050,1.60831e+37
17.2806,4060,1.62808e+37
17.2806,4070,1.61065e+37
17.2806,4080,1.5507e+37
17.2806,4090,1.50428e+37
17.2806,4100,1.46391e+37
17.2806,4110,1.4417e+37
17.2806,4120,1.41368e+37
17.2806,4130,1.38209e+37
17.2806,4140,1.36602e+37
17.2806,4150,1.35999e+37
17.2806,4160,1.36833e+37
17.2806,4170,1.42323e+37
17.2806,4180,1.48755e+37
17.2806,4190,1.53964e+37
17.2806,4200,1.57494e+37
17.2806,4210,1.57696e+37
17.2806,4220,1.56805e+37
17.2806,4230,1.56204e+37
17.2806,4240,1.53806e+37
17.2806,4250,1.52673e+37
17.2806,4260,1.54172e+37
17.2806,4270,1.5462e+37
17.2806,4280,1.58123e+37
17.2806,4290,1.64873e+37
17.2806,4300,1.75697e+37
17.2806,4310,1.83271e+37
17.2806,4320,1.84922e+37
17.2806,4330,1.79202e+37
17.2806,4340,1.7022e+37
17.2806,4350,1.61961e+37
17.2806,4360,1.5474e+37
17.2806,4370,1.44052e+37
17.2806,4380,1.3092e+37
17.2806,4390,1.20149e+37
17.2806,4400,1.12e+37
17.2806,4410,1.05482e+37
17.2806,4420,1.0223e+37
17.2806,4430,1.01661e+37
17.2806,4440,1.04332e+37
17.2806,4450,1.07141e+37
17.2806,4460,1.09817e+37
17.2806,4470,1.14066e+37
17.2806,4480,1.20759e+37
17.2806,4490,1.28751e+37
17.2806,4500,1.36034e+37
17.2806,4510,1.45468e+37
17.2806,4520,1.60761e+37
17.2806,4530,1.83439e+37
17.2806,4540,2.1093e+37
17.2806,4550,2.44668e+37
17.2806,4560,2.79143e+37
17.2806,4570,3.09947e+37
17.2806,4580,3.3174e+37
17.2806,4590,3.42501e+37
17.2806,4600,3.47516e+37
17.2806,4610,3.56145e+37
17.2806,4620,3.77241e+37
17.2806,4630,3.93349e+37
17.2806,4640,4.01649e+37
17.2806,4650,3.71649e+37
17.2806,4660,3.34821e+37
17.2806,4670,2.85623e+37
17.2806,4680,2.51203e+37
17.2806,4690,2.17388e+37
17.2806,4700,1.92959e+37
17.2806,4710,1.7477e+37
17.2806,4720,1.63679e+37
17.2806,4730,1.5314e+37
17.2806,4740,1.43498e+37
17.2806,4750,1.38244e+37
17.2806,4760,1.3666e+37
17.2806,4770,1.41563e+37
17.2806,4780,1.47782e+37
17.2806,4790,1.58989e+37
17.2806,4800,1.73864e+37
17.2806,4810,1.89514e+37
17.2806,4820,1.93641e+37
17.2806,4830,1.86546e+37
17.2806,4840,1.79399e+37
17.2806,4850,1.75538e+37
17.2806,4860,1.74134e+37
17.2806,4870,1.77757e+37
17.2806,4880,1.8843e+37
17.2806,4890,2.02785e+37
17.2806,4900,2.23873e+37
17.2806,4910,2.45334e+37
17.2806,4920,2.63968e+37
17.2806,4930,2.85195e+37
17.2806,4940,2.98699e+37
17.2806,4950,3.01958e+37
17.2806,4960,2.85606e+37
17.2806,4970,2.55486e+37
17.2806,4980,2.32789e+37
17.2806,4990,2.14459e+37
17.2806,5000,1.90979e+37
17.2806,5010,1.7759e+37
17.2806,5020,1.67863e+37
17.2806,5030,1.57105e+37
17.2806,5040,1.4955e+37
17.2806,5050,1.46192e+37
17.2806,5060,1.42304e+37
17.2806,5070,1.37898e+37
17.2806,5080,1.33241e+37
17.2806,5090,1.31631e+37
17.2806,5100,1.28974e+37
17.2806,5110,1.26865e+37
17.2806,5120,1.25363e+37
17.2806,5130,1.24938e+37
17.2806,5140,1.25225e+37
17.2806,5150,1.28369e+37
17.2806,5160,1.334e+37
17.2806,5170,1.38624e+37
17.2806,5180,1.45991e+37
17.2806,5190,1.55657e+37
17.2806,5200,1.6777e+37
17.2806,5210,1.80216e+37
17.2806,5220,1.94328e+37
17.2806,5230,2.15915e+37
17.2806,5240,2.29593e+37
17.2806,5250,2.41125e+37
17.2806,5260,2.50024e+37
17.2806,5270,2.58611e+37
17.2806,5280,2.7102e+37
17.2806,5290,2.82254e+37
17.2806,5300,2.95453e+37
17.2806,5310,2.94614e+37
17.2806,5320,2.87797e+37
17.2806,5330,2.78723e+37
17.2806,5340,2.67484e+37
17.2806,5350,2.60118e+37
17.2806,5360,2.51369e+37
17.2806,5370,2.48804e+37
17.2806,5380,2.52271e+37
17.2806,5390,2.60145e+37
17.2806,5400,2.72806e+37
17.2806,5410,2.85499e+37
17.2806,5420,2.95639e+37
17.2806,5430,3.03063e+37
17.2806,5440,3.06171e+37
17.2806,5450,3.05909e+37
17.2806,5460,3.0736e+37
17.2806,5470,3.03747e+37
17.2806,5480,2.98935e+37
17.2806,5490,2.92285e+37
17.2806,5500,2.84749e+37
17.2806,5510,2.78097e+37
17.2806,5520,2.70795e+37
17.2806,5530,2.61693e+37
17.2806,5540,2.51978e+37
17.2806,5550,2.46289e+37
17.2806,5560,2.37587e+37
17.2806,5570,2.30139e+37
17.2806,5580,2.23085e+37
17.2806,5590,2.14438e+37
17.2806,5600,2.05982e+37
17.2806,5610,1.96692e+37
17.2806,5620,1.87839e+37
17.2806,5630,1.79086e+37
